chain	nres	n_ted	afdb_plddt	mode	n_ours	mean_best_iou	all_exact	residue_agreement	esm_plddt	esm_ptm	tm_esm_afdb	unidoc_failed
AF-A0A7U4P8C3-F1-model_v4	82	1	77.26	afdb	1	1.0000	1	1.0000				0
AF-A0A7U4P8C3-F1-model_v4	82	1	77.26	esm	1	0.9351	0	0.9390	43.8	0.29	0.51412	0
AF-A0A4Q7ZT14-F1-model_v4	604	2	75.31	afdb	2	1.0000	1	1.0000				0
AF-A0A4Q7ZT14-F1-model_v4	604	2	75.31	esm	2	0.9331	0	0.9470	83.9	0.72	0.93319	0
AF-A0A4R1MDM0-F1-model_v4	54	1	68.89	afdb	1	1.0000	1	1.0000				0
AF-A0A4R1MDM0-F1-model_v4	54	1	68.89	esm	1	0.9750	0	0.9815	79.6	0.58	0.71686	0
AF-A0A3D8J9A5-F1-model_v4	338	2	93.31	afdb	2	1.0000	1	1.0000				0
AF-A0A3D8J9A5-F1-model_v4	338	2	93.31	esm	2	0.9875	0	0.9941	96.8	0.96	0.99358	0
AF-M3YTJ4-F1-model_v4	565	2	86.73	afdb	2	1.0000	1	1.0000				0
AF-M3YTJ4-F1-model_v4	565	2	86.73	esm	2	0.9004	0	0.9345	71.8	0.68	0.74236	0
AF-A0A2N2H386-F1-model_v4	122	1	91.89	afdb	1	1.0000	1	1.0000				0
AF-A0A2N2H386-F1-model_v4	122	1	91.89	esm	1	1.0000	1	1.0000	81.8	0.74	0.98168	0
AF-W4RZV5-F1-model_v4	84	1	96.82	afdb	1	1.0000	1	1.0000				0
AF-W4RZV5-F1-model_v4	84	1	96.82	esm	1	1.0000	1	1.0000	84.6	0.75	0.97964	0
AF-A0A397E428-F1-model_v4	269	2	75.42	afdb	2	1.0000	1	1.0000				0
AF-A0A397E428-F1-model_v4	269	2	75.42	esm	2	0.9488	0	0.9517	80.8	0.60	0.59091	0
AF-A0A1C5N879-F1-model_v4	317	1	91.03	afdb	1	1.0000	1	1.0000				0
AF-A0A1C5N879-F1-model_v4	317	1	91.03	esm	1	0.6163	0	0.8959	96.7	0.95	0.93653	0
AF-A0A4R6GL19-F1-model_v4	175	1	88.27	afdb	1	1.0000	1	1.0000				0
AF-A0A4R6GL19-F1-model_v4	175	1	88.27	esm	1	0.9574	0	0.9657	92.2	0.83	0.82053	0
AF-A0A0B5I6Q3-F1-model_v4	371	2	92.98	afdb	2	1.0000	1	1.0000				0
AF-A0A0B5I6Q3-F1-model_v4	371	2	92.98	esm	2	0.9663	0	0.9704	83.2	0.69	0.65747	0
AF-A0A183JSY1-F1-model_v4	196	1	74.70	afdb	1	1.0000	1	1.0000				0
AF-A0A183JSY1-F1-model_v4	196	1	74.70	esm	1	0.9276	0	0.9439	80.7	0.58	0.64311	0
AF-A0A640T5L1-F1-model_v4	244	1	95.31	afdb	1	1.0000	1	1.0000				0
AF-A0A640T5L1-F1-model_v4	244	1	95.31	esm	1	0.9573	0	0.9590	87.7	0.90	0.93198	0
AF-A0A0H5QQD7-F1-model_v4	114	1	49.44	afdb	0	0.0000	0	0.2895				0
AF-A0A0H5QQD7-F1-model_v4	114	1	49.44	esm	1	0.3704	0	0.5526	43.2	0.14	0.25464	0
AF-A1T6L4-F1-model_v4	279	1	93.91	afdb	1	1.0000	1	1.0000				0
AF-A1T6L4-F1-model_v4	279	1	93.91	esm	1	0.9776	0	0.9785	90.0	0.93	0.95576	0
AF-A0A814TAU9-F1-model_v4	209	2	79.96	afdb	2	1.0000	1	1.0000				0
AF-A0A814TAU9-F1-model_v4	209	2	79.96	esm	2	0.9884	0	0.9904	87.3	0.60	0.56302	0
AF-A0A2Y1TUW8-F1-model_v4	494	3	88.53	afdb	3	1.0000	1	1.0000				0
AF-A0A2Y1TUW8-F1-model_v4	494	3	88.53	esm	3	0.9982	0	0.9980	82.2	0.80	0.84697	0
AF-A0A355G2V5-F1-model_v4	413	2	95.63	afdb	2	1.0000	1	1.0000				0
AF-A0A355G2V5-F1-model_v4	413	2	95.63	esm	2	1.0000	1	1.0000	97.5	0.96	0.99681	0
AF-A0A7K9KN67-F1-model_v4	528	4	79.68	afdb	4	1.0000	1	1.0000				0
AF-A0A7K9KN67-F1-model_v4	528	4	79.68	esm	4	0.9250	0	0.9564	86.0	0.51	0.43312	0
AF-A0A3C1CDX7-F1-model_v4	153	2	93.67	afdb	2	1.0000	1	1.0000				0
AF-A0A3C1CDX7-F1-model_v4	153	2	93.67	esm	2	1.0000	1	1.0000	89.8	0.86	0.99219	0
AF-A0A6P0PWG2-F1-model_v4	124	1	76.11	afdb	1	1.0000	1	1.0000				0
AF-A0A6P0PWG2-F1-model_v4	124	1	76.11	esm	1	0.9478	0	0.9516	62.0	0.45	0.83794	0
AF-A0A522QHN1-F1-model_v4	786	6	75.96	afdb	6	1.0000	1	1.0000				0
AF-A0A522QHN1-F1-model_v4	786	6	75.96	esm	5	0.7777	0	0.8321	87.4	0.69	0.66119	0
AF-A0A1X2BN23-F1-model_v4	136	1	94.64	afdb	1	1.0000	1	1.0000				0
AF-A0A1X2BN23-F1-model_v4	136	1	94.64	esm	1	1.0000	1	1.0000	90.9	0.88	0.98917	0
AF-M1WED8-F1-model_v4	434	1	86.81	afdb	1	1.0000	1	1.0000				0
AF-M1WED8-F1-model_v4	434	1	86.81	esm	2	0.9944	0	0.6129	83.9	0.90	0.92076	0
AF-A0A1J6XD61-F1-model_v4	470	4	80.48	afdb	4	1.0000	1	1.0000				0
AF-A0A1J6XD61-F1-model_v4	470	4	80.48	esm	5	0.7986	0	0.8766	77.6	0.33	0.41641	0
AF-A0A832HNR7-F1-model_v4	296	1	91.77	afdb	1	1.0000	1	1.0000				0
AF-A0A832HNR7-F1-model_v4	296	1	91.77	esm	1	0.8893	0	0.9020	70.2	0.77	0.79707	0
AF-A0A7J4JYX4-F1-model_v4	181	2	69.54	afdb	2	1.0000	1	1.0000				0
AF-A0A7J4JYX4-F1-model_v4	181	2	69.54	esm	1	0.4437	0	0.8122	51.4	0.31	0.39537	0
AF-A0A5J6P880-F1-model_v4	528	4	87.49	afdb	4	1.0000	1	1.0000				0
AF-A0A5J6P880-F1-model_v4	528	4	87.49	esm	4	0.8883	0	0.8788	90.8	0.84	0.86464	0
AF-A0A5P9WP65-F1-model_v4	727	4	86.96	afdb	4	1.0000	1	1.0000				0
AF-A0A5P9WP65-F1-model_v4	727	4	86.96	esm	4	0.9456	0	0.9532	88.3	0.70	0.66368	0
AF-A0A1E9ZAL3-F1-model_v4	149	2	81.32	afdb	2	1.0000	1	1.0000				0
AF-A0A1E9ZAL3-F1-model_v4	149	2	81.32	esm	2	0.9143	0	0.9329	84.9	0.54	0.59653	0
AF-A0A7K5IRU5-F1-model_v4	632	5	80.63	afdb	5	1.0000	1	1.0000				0
AF-A0A7K5IRU5-F1-model_v4	632	5	80.63	esm	5	0.9704	0	0.9668	80.8	0.53	0.58441	0
AF-A0A246HS64-F1-model_v4	201	2	63.63	afdb	2	1.0000	1	1.0000				0
AF-A0A246HS64-F1-model_v4	201	2	63.63	esm	2	0.8221	0	0.8905	83.2	0.46	0.47322	0
AF-A0A6G3D5I9-F1-model_v4	66	1	90.12	afdb	1	1.0000	1	1.0000				0
AF-A0A6G3D5I9-F1-model_v4	66	1	90.12	esm	1	0.8491	0	0.8788	70.1	0.50	0.68265	0
AF-A0A6N8G8P8-F1-model_v4	743	2	87.77	afdb	2	1.0000	1	1.0000				0
AF-A0A6N8G8P8-F1-model_v4	743	2	87.77	esm	1	0.4654	0	0.8614	87.8	0.89	0.90705	0
AF-A0A7X9L0K0-F1-model_v4	218	1	68.83	afdb	1	1.0000	1	1.0000				0
AF-A0A7X9L0K0-F1-model_v4	218	1	68.83	esm	1	0.9922	0	0.9954	82.9	0.69	0.69614	0
AF-A0A7D5TE08-F1-model_v4	510	2	95.90	afdb	2	1.0000	1	1.0000				0
AF-A0A7D5TE08-F1-model_v4	510	2	95.90	esm	2	0.9823	0	0.9863	95.6	0.96	0.97952	0
AF-G7IWZ6-F1-model_v4	99	1	55.38	afdb	1	1.0000	1	1.0000				0
AF-G7IWZ6-F1-model_v4	99	1	55.38	esm	1	0.9821	0	0.9899	31.5	0.15	0.39019	0
AF-A0A1G8DW17-F1-model_v4	562	2	90.85	afdb	2	1.0000	1	1.0000				0
AF-A0A1G8DW17-F1-model_v4	562	2	90.85	esm	3	0.8278	0	0.9288	94.2	0.95	0.97754	0
AF-A0A6N7Y5M4-F1-model_v4	401	2	73.43	afdb	2	1.0000	1	1.0000				0
AF-A0A6N7Y5M4-F1-model_v4	401	2	73.43	esm	3	0.3728	0	0.5337	38.7	0.16	0.25568	0
AF-A0A504JLG3-F1-model_v4	152	1	83.97	afdb	1	1.0000	1	1.0000				0
AF-A0A504JLG3-F1-model_v4	152	1	83.97	esm	1	1.0000	1	1.0000	68.5	0.61	0.72998	0
AF-A0A2Y9ADH4-F1-model_v4	253	1	81.70	afdb	1	1.0000	1	1.0000				0
AF-A0A2Y9ADH4-F1-model_v4	253	1	81.70	esm	1	1.0000	1	1.0000	96.0	0.96	0.97658	0
AF-A0A7Y5TWD3-F1-model_v4	172	2	92.19	afdb	2	1.0000	1	1.0000				0
AF-A0A7Y5TWD3-F1-model_v4	172	2	92.19	esm	2	0.9882	0	0.9884	87.5	0.81	0.96759	0
AF-E6LMA5-F1-model_v4	255	2	82.89	afdb	2	1.0000	1	1.0000				0
AF-E6LMA5-F1-model_v4	255	2	82.89	esm	2	0.9623	0	0.9843	84.5	0.76	0.76806	0
AF-F5XYC8-F1-model_v4	343	2	93.94	afdb	2	1.0000	1	1.0000				0
AF-F5XYC8-F1-model_v4	343	2	93.94	esm	2	0.9271	0	0.9300	96.9	0.97	0.97872	0
AF-A0A674NE25-F1-model_v4	168	1	92.66	afdb	1	1.0000	1	1.0000				0
AF-A0A674NE25-F1-model_v4	168	1	92.66	esm	1	0.7483	0	0.7738	88.7	0.90	0.97048	0
AF-A0A1H0REU9-F1-model_v4	413	3	95.30	afdb	3	1.0000	1	1.0000				0
AF-A0A1H0REU9-F1-model_v4	413	3	95.30	esm	3	0.9582	0	0.9637	89.9	0.92	0.91151	0
AF-A0A3C1B0Q4-F1-model_v4	184	2	88.64	afdb	2	1.0000	1	1.0000				0
AF-A0A3C1B0Q4-F1-model_v4	184	2	88.64	esm	2	0.9922	0	0.9891	92.4	0.92	0.95767	0
AF-A0A7X0U4E3-F1-model_v4	380	2	91.01	afdb	2	1.0000	1	1.0000				0
AF-A0A7X0U4E3-F1-model_v4	380	2	91.01	esm	3	1.0000	0	0.6868	93.7	0.96	0.97346	0
AF-A0A850M0Y7-F1-model_v4	453	4	92.54	afdb	4	1.0000	1	1.0000				0
AF-A0A850M0Y7-F1-model_v4	453	4	92.54	esm	4	0.9918	0	0.9934	95.0	0.91	0.96384	0
AF-A0A7W1SGP1-F1-model_v4	200	1	89.78	afdb	1	1.0000	1	1.0000				0
AF-A0A7W1SGP1-F1-model_v4	200	1	89.78	esm	1	0.9886	0	0.9900	93.8	0.93	0.96759	0
AF-A0A4Q2UET5-F1-model_v4	196	1	79.52	afdb	1	1.0000	1	1.0000				0
AF-A0A4Q2UET5-F1-model_v4	196	1	79.52	esm	1	0.9213	0	0.9286	96.0	0.92	0.93315	0
AF-A0A0N0N586-F1-model_v4	138	1	92.65	afdb	1	1.0000	1	1.0000				0
AF-A0A0N0N586-F1-model_v4	138	1	92.65	esm	1	0.9280	0	0.9348	89.5	0.88	0.98311	0
AF-A0A7C6UGA3-F1-model_v4	119	1	51.28	afdb	1	1.0000	1	1.0000				0
AF-A0A7C6UGA3-F1-model_v4	119	1	51.28	esm	1	0.7333	0	0.8319	38.0	0.21	0.33208	0
AF-R2RFL0-F1-model_v4	211	1	95.54	afdb	1	1.0000	1	1.0000				0
AF-R2RFL0-F1-model_v4	211	1	95.54	esm	1	1.0000	1	1.0000	98.0	0.96	0.99294	0
AF-A0A537ZJW9-F1-model_v4	182	1	96.33	afdb	1	1.0000	1	1.0000				0
AF-A0A537ZJW9-F1-model_v4	182	1	96.33	esm	1	0.9944	0	0.9945	93.0	0.92	0.99348	0
AF-A0A0G1XJ69-F1-model_v4	431	2	87.92	afdb	2	1.0000	1	1.0000				0
AF-A0A0G1XJ69-F1-model_v4	431	2	87.92	esm	1	0.4958	0	0.9884	92.1	0.95	0.92263	0
AF-A0A081R7V6-F1-model_v4	588	2	90.37	afdb	2	1.0000	1	1.0000				0
AF-A0A081R7V6-F1-model_v4	588	2	90.37	esm	2	1.0000	1	1.0000	96.5	0.92	0.98668	0
AF-A0A534MD54-F1-model_v4	205	1	90.42	afdb	1	1.0000	1	1.0000				0
AF-A0A534MD54-F1-model_v4	205	1	90.42	esm	1	0.9389	0	0.9463	94.2	0.90	0.91897	0
AF-A0A7X6Q820-F1-model_v4	227	2	94.42	afdb	2	1.0000	1	1.0000				0
AF-A0A7X6Q820-F1-model_v4	227	2	94.42	esm	2	0.9896	0	0.9868	94.8	0.91	0.8838	0
AF-A0A7Y7XBD1-F1-model_v4	417	1	95.08	afdb	1	1.0000	1	1.0000				0
AF-A0A7Y7XBD1-F1-model_v4	417	1	95.08	esm	1	0.9790	0	0.9880	92.7	0.93	0.96534	0
AF-A0A2K5LUW7-F1-model_v4	640	3	61.37	afdb	3	1.0000	1	1.0000				0
AF-A0A2K5LUW7-F1-model_v4	640	3	61.37	esm	3	0.9563	0	0.9781	69.2	0.26	0.26513	0
AF-A0A368WGG0-F1-model_v4	382	2	93.44	afdb	2	1.0000	1	1.0000				0
AF-A0A368WGG0-F1-model_v4	382	2	93.44	esm	2	0.9897	0	0.9895	83.0	0.80	0.93509	0
AF-A0A7K3A4U1-F1-model_v4	311	2	83.39	afdb	2	1.0000	1	1.0000				0
AF-A0A7K3A4U1-F1-model_v4	311	2	83.39	esm	3	0.9667	0	0.7781	92.7	0.70	0.63497	0
AF-A0A0T6DQA2-F1-model_v4	171	1	71.72	afdb	1	0.6275	0	0.6667				0
AF-A0A0T6DQA2-F1-model_v4	171	1	71.72	esm	1	0.9205	0	0.9298	64.8	0.64	0.6331	0
AF-A0A364K741-F1-model_v4	380	2	87.36	afdb	2	1.0000	1	1.0000				0
AF-A0A364K741-F1-model_v4	380	2	87.36	esm	2	0.9911	0	0.9921	94.6	0.94	0.95971	0
AF-A0A2T2YFW8-F1-model_v4	348	2	93.72	afdb	2	1.0000	1	1.0000				0
AF-A0A2T2YFW8-F1-model_v4	348	2	93.72	esm	2	0.9979	0	0.9971	96.1	0.96	0.98933	0
AF-M5INQ9-F1-model_v4	126	1	77.35	afdb	1	1.0000	1	1.0000				0
AF-M5INQ9-F1-model_v4	126	1	77.35	esm	1	0.7680	0	0.7698	70.8	0.28	0.67464	0
AF-A0A897T8S1-F1-model_v4	251	1	96.88	afdb	1	1.0000	1	1.0000				0
AF-A0A897T8S1-F1-model_v4	251	1	96.88	esm	1	1.0000	1	1.0000	97.8	0.97	0.9866	0
AF-B2A368-F1-model_v4	280	1	86.49	afdb	1	1.0000	1	1.0000				0
AF-B2A368-F1-model_v4	280	1	86.49	esm	1	0.7115	0	0.7393	92.7	0.93	0.95688	0
AF-A0A3A4ZHU9-F1-model_v4	81	1	94.78	afdb	1	1.0000	1	1.0000				0
AF-A0A3A4ZHU9-F1-model_v4	81	1	94.78	esm	1	1.0000	1	1.0000	91.6	0.84	0.98447	0
AF-A0A5A7WN26-F1-model_v4	131	1	78.23	afdb	1	1.0000	1	1.0000				0
AF-A0A5A7WN26-F1-model_v4	131	1	78.23	esm	1	0.9412	0	0.9771	58.6	0.36	0.49367	0
AF-A0A411IKE3-F1-model_v4	166	2	97.63	afdb	2	1.0000	1	1.0000				0
AF-A0A411IKE3-F1-model_v4	166	2	97.63	esm	1	0.4744	0	0.7651	35.2	0.24	0.39556	0
AF-A0A229TJM7-F1-model_v4	170	1	92.43	afdb	1	1.0000	1	1.0000				0
AF-A0A229TJM7-F1-model_v4	170	1	92.43	esm	1	1.0000	1	1.0000	86.9	0.87	0.97407	0
AF-A0A258R1P3-F1-model_v4	149	1	95.70	afdb	1	1.0000	1	1.0000				0
AF-A0A258R1P3-F1-model_v4	149	1	95.70	esm	1	1.0000	1	1.0000	91.7	0.84	0.94935	0
AF-A0A5B0PXS5-F1-model_v4	89	1	56.06	afdb	1	1.0000	1	1.0000				0
AF-A0A5B0PXS5-F1-model_v4	89	1	56.06	esm	1	0.9000	0	0.9213	41.6	0.23	0.35384	0
AF-A0A1H7I049-F1-model_v4	212	2	95.66	afdb	2	1.0000	1	1.0000				0
AF-A0A1H7I049-F1-model_v4	212	2	95.66	esm	2	0.9667	0	0.9717	94.9	0.92	0.98985	0
AF-A0A1Z5H9U1-F1-model_v4	175	1	91.34	afdb	1	1.0000	1	1.0000				0
AF-A0A1Z5H9U1-F1-model_v4	175	1	91.34	esm	1	0.9634	0	0.9657	85.4	0.86	0.98363	0
AF-A0A0G2FMH4-F1-model_v4	456	3	57.69	afdb	3	1.0000	1	1.0000				0
AF-A0A0G2FMH4-F1-model_v4	456	3	57.69	esm	2	0.5912	0	0.8092	71.0	0.56	0.65842	0
AF-A0A081SEA8-F1-model_v4	142	1	87.84	afdb	1	1.0000	1	1.0000				0
AF-A0A081SEA8-F1-model_v4	142	1	87.84	esm	1	1.0000	1	1.0000	78.1	0.71	0.84506	0
AF-A0A7J3JAT7-F1-model_v4	549	2	89.45	afdb	2	1.0000	1	1.0000				0
AF-A0A7J3JAT7-F1-model_v4	549	2	89.45	esm	2	0.9621	0	0.9636	94.8	0.93	0.94553	0
AF-A0A5M6IM01-F1-model_v4	213	1	94.74	afdb	1	1.0000	1	1.0000				0
AF-A0A5M6IM01-F1-model_v4	213	1	94.74	esm	1	1.0000	1	1.0000	98.1	0.97	0.99434	0
AF-A0A838ZKM8-F1-model_v4	439	2	97.50	afdb	2	1.0000	1	1.0000				0
AF-A0A838ZKM8-F1-model_v4	439	2	97.50	esm	2	0.9811	0	0.9841	97.3	0.96	0.99873	0
AF-A0A068BTX8-F1-model_v4	227	2	94.72	afdb	2	1.0000	1	1.0000				0
AF-A0A068BTX8-F1-model_v4	227	2	94.72	esm	2	0.9847	0	0.9824	82.6	0.76	0.91337	0
AF-A0A5J6G609-F1-model_v4	855	4	83.32	afdb	4	1.0000	1	1.0000				0
AF-A0A5J6G609-F1-model_v4	855	4	83.32	esm	4	0.9409	0	0.9485	91.6	0.88	0.95335	0
AF-A0A6G3XB34-F1-model_v4	462	2	97.81	afdb	2	1.0000	1	1.0000				0
AF-A0A6G3XB34-F1-model_v4	462	2	97.81	esm	2	0.9925	0	0.9913	98.1	0.98	0.99406	0
AF-A0A239LRI2-F1-model_v4	47	1	72.13	afdb	1	1.0000	1	1.0000				0
AF-A0A239LRI2-F1-model_v4	47	1	72.13	esm	1	0.9630	0	0.9787	68.7	0.33	0.41692	0
AF-A0A3B8PKZ9-F1-model_v4	288	2	86.62	afdb	2	1.0000	1	1.0000				0
AF-A0A3B8PKZ9-F1-model_v4	288	2	86.62	esm	1	0.5000	0	0.5556	91.0	0.45	0.57882	0
AF-A0A2G6E7K2-F1-model_v4	240	1	94.13	afdb	1	1.0000	1	1.0000				0
AF-A0A2G6E7K2-F1-model_v4	240	1	94.13	esm	2	0.9064	0	0.6542	97.6	0.96	0.97967	0
AF-A0A6G3RV76-F1-model_v4	292	1	77.57	afdb	1	1.0000	1	1.0000				0
AF-A0A6G3RV76-F1-model_v4	292	1	77.57	esm	1	0.9304	0	0.9452	92.1	0.84	0.78793	0
AF-A0A7K1ST83-F1-model_v4	242	1	91.26	afdb	1	1.0000	1	1.0000				0
AF-A0A7K1ST83-F1-model_v4	242	1	91.26	esm	1	0.9736	0	0.9752	93.8	0.94	0.95034	0
AF-A0A524LNN9-F1-model_v4	331	2	93.21	afdb	2	1.0000	1	1.0000				0
AF-A0A524LNN9-F1-model_v4	331	2	93.21	esm	2	0.9874	0	0.9879	94.0	0.95	0.97598	0
AF-A0A7M6DQE3-F1-model_v4	246	1	95.15	afdb	1	1.0000	1	1.0000				0
AF-A0A7M6DQE3-F1-model_v4	246	1	95.15	esm	1	0.9911	0	0.9919	95.1	0.95	0.95618	0
AF-A0A431KAL7-F1-model_v4	115	1	86.26	afdb	1	1.0000	1	1.0000				0
AF-A0A431KAL7-F1-model_v4	115	1	86.26	esm	1	0.9506	0	0.9652	74.1	0.67	0.81001	0
AF-A0A7S4N389-F1-model_v4	136	1	59.85	afdb	1	1.0000	1	1.0000				0
AF-A0A7S4N389-F1-model_v4	136	1	59.85	esm	0	0.0000	0	0.7353	41.9	0.10	0.33302	0
AF-A0A6I4IVX5-F1-model_v4	142	1	81.87	afdb	1	1.0000	1	1.0000				0
AF-A0A6I4IVX5-F1-model_v4	142	1	81.87	esm	1	0.9717	0	0.9789	47.7	0.27	0.47243	0
AF-A0A533QBT4-F1-model_v4	207	1	82.83	afdb	1	1.0000	1	1.0000				0
AF-A0A533QBT4-F1-model_v4	207	1	82.83	esm	2	0.8333	0	0.9662	90.0	0.88	0.84537	0
AF-A0A3P7YM07-F1-model_v4	36	1	78.86	afdb	1	1.0000	1	1.0000				0
AF-A0A3P7YM07-F1-model_v4	36	1	78.86	esm	1	1.0000	1	1.0000	50.6	0.25	0.38363	0
AF-A0A6B3R2U3-F1-model_v4	348	3	86.51	afdb	3	1.0000	1	1.0000				0
AF-A0A6B3R2U3-F1-model_v4	348	3	86.51	esm	3	0.9237	0	0.9425	84.0	0.53	0.46832	0
AF-A0A814IV67-F1-model_v4	332	1	91.05	afdb	1	1.0000	1	1.0000				0
AF-A0A814IV67-F1-model_v4	332	1	91.05	esm	1	0.9809	0	0.9819	88.8	0.91	0.94753	0
AF-A0A498AXM0-F1-model_v4	465	2	87.70	afdb	2	1.0000	1	1.0000				0
AF-A0A498AXM0-F1-model_v4	465	2	87.70	esm	2	1.0000	1	1.0000	91.5	0.77	0.66066	0
AF-A0A673B0X1-F1-model_v4	378	2	91.01	afdb	2	1.0000	1	1.0000				0
AF-A0A673B0X1-F1-model_v4	378	2	91.01	esm	2	0.9500	0	0.9788	87.0	0.89	0.94476	0
AF-A0A7K0LKI7-F1-model_v4	389	2	71.80	afdb	2	1.0000	1	1.0000				0
AF-A0A7K0LKI7-F1-model_v4	389	2	71.80	esm	1	0.4752	0	0.8149	87.9	0.62	0.58144	0
AF-A0A7L5YS15-F1-model_v4	97	1	41.38	afdb	1	1.0000	1	1.0000				0
AF-A0A7L5YS15-F1-model_v4	97	1	41.38	esm	1	0.2947	0	0.3093	44.5	0.39	0.36683	0
AF-A0A2W4SFX8-F1-model_v4	564	2	91.86	afdb	2	1.0000	1	1.0000				0
AF-A0A2W4SFX8-F1-model_v4	564	2	91.86	esm	2	0.6624	0	0.5621	91.2	0.93	0.93648	0
AF-G4TTB8-F1-model_v4	250	1	80.36	afdb	1	1.0000	1	1.0000				0
AF-G4TTB8-F1-model_v4	250	1	80.36	esm	1	0.8690	0	0.9120	43.1	0.20	0.3978	0
AF-A0A329H779-F1-model_v4	336	1	90.82	afdb	1	1.0000	1	1.0000				0
AF-A0A329H779-F1-model_v4	336	1	90.82	esm	1	0.7770	0	0.8095	95.0	0.96	0.96726	0
AF-A0A246DTQ8-F1-model_v4	273	2	91.48	afdb	2	1.0000	1	1.0000				0
AF-A0A246DTQ8-F1-model_v4	273	2	91.48	esm	2	0.9971	0	0.9963	94.8	0.95	0.98894	0
AF-A0A7G8DEN4-F1-model_v4	229	1	90.46	afdb	1	1.0000	1	1.0000				0
AF-A0A7G8DEN4-F1-model_v4	229	1	90.46	esm	1	0.9947	0	0.9956	96.0	0.88	0.85903	0
AF-A0A6L8RMH2-F1-model_v4	138	1	96.15	afdb	1	1.0000	1	1.0000				0
AF-A0A6L8RMH2-F1-model_v4	138	1	96.15	esm	1	0.9919	0	0.9928	87.0	0.84	0.97026	0
AF-J0KQ73-F1-model_v4	218	2	89.36	afdb	2	1.0000	1	1.0000				0
AF-J0KQ73-F1-model_v4	218	2	89.36	esm	3	0.7552	0	0.9174	92.2	0.82	0.7109	0
AF-A0A1X7E0J6-F1-model_v4	357	2	90.05	afdb	2	1.0000	1	1.0000				0
AF-A0A1X7E0J6-F1-model_v4	357	2	90.05	esm	2	0.9611	0	0.9636	89.1	0.86	0.86928	0
AF-A0A515EQI1-F1-model_v4	386	1	87.66	afdb	1	1.0000	1	1.0000				0
AF-A0A515EQI1-F1-model_v4	386	1	87.66	esm	1	0.8860	0	0.8990	89.3	0.91	0.94842	0
AF-Q22TI4-F1-model_v4	561	1	87.30	afdb	1	1.0000	1	1.0000				0
AF-Q22TI4-F1-model_v4	561	1	87.30	esm	3	0.8690	0	0.7790	64.7	0.24	0.22489	0
AF-A0A0P7V5E9-F1-model_v4	114	1	87.58	afdb	1	1.0000	1	1.0000				0
AF-A0A0P7V5E9-F1-model_v4	114	1	87.58	esm	1	0.7568	0	0.7632	82.1	0.72	0.88194	0
AF-A0A1A0ILL1-F1-model_v4	132	2	84.28	afdb	2	1.0000	1	1.0000				0
AF-A0A1A0ILL1-F1-model_v4	132	2	84.28	esm	2	0.9470	0	0.9545	79.7	0.59	0.81227	0
AF-E9RTE9-F1-model_v4	103	1	95.74	afdb	1	1.0000	1	1.0000				0
AF-E9RTE9-F1-model_v4	103	1	95.74	esm	1	0.9406	0	0.9417	57.4	0.50	0.54841	0
AF-A0A087MA70-F1-model_v4	798	4	89.89	afdb	4	1.0000	1	1.0000				0
AF-A0A087MA70-F1-model_v4	798	4	89.89	esm	4	0.9191	0	0.9361	80.9	0.62	0.5196	0
AF-A0A0C1U483-F1-model_v4	501	3	95.59	afdb	3	1.0000	1	1.0000				0
AF-A0A0C1U483-F1-model_v4	501	3	95.59	esm	3	0.9334	0	0.9421	86.6	0.76	0.97792	0
AF-A0A5C5STT7-F1-model_v4	90	1	81.51	afdb	1	1.0000	1	1.0000				0
AF-A0A5C5STT7-F1-model_v4	90	1	81.51	esm	1	0.9839	0	0.9889	65.9	0.59	0.71544	0
AF-A0A2N6G657-F1-model_v4	77	1	87.13	afdb	1	1.0000	1	1.0000				0
AF-A0A2N6G657-F1-model_v4	77	1	87.13	esm	1	0.8462	0	0.8701	85.9	0.56	0.67465	0
AF-A0A7Z7FLR6-F1-model_v4	378	1	89.06	afdb	1	1.0000	1	1.0000				0
AF-A0A7Z7FLR6-F1-model_v4	378	1	89.06	esm	1	0.6457	0	0.7169	72.7	0.77	0.84448	0
AF-A0A7L2EXJ9-F1-model_v4	225	1	92.89	afdb	1	1.0000	1	1.0000				0
AF-A0A7L2EXJ9-F1-model_v4	225	1	92.89	esm	1	0.9539	0	0.9556	94.9	0.95	0.98239	0
AF-L7E1I8-F1-model_v4	88	1	85.28	afdb	1	1.0000	1	1.0000				0
AF-L7E1I8-F1-model_v4	88	1	85.28	esm	1	0.9881	0	0.9886	69.5	0.58	0.89282	0
AF-A0A5C4RQC8-F1-model_v4	89	1	96.81	afdb	1	1.0000	1	1.0000				0
AF-A0A5C4RQC8-F1-model_v4	89	1	96.81	esm	1	0.9884	0	0.9888	84.7	0.73	0.88759	0
AF-A0A7S1GCI1-F1-model_v4	166	1	34.59	afdb	1	1.0000	1	1.0000				0
AF-A0A7S1GCI1-F1-model_v4	166	1	34.59	esm	1	0.5254	0	0.8313	39.4	0.14	0.45186	0
AF-K2AE21-F1-model_v4	99	2	92.92	afdb	2	1.0000	1	1.0000				0
AF-K2AE21-F1-model_v4	99	2	92.92	esm	1	0.4714	0	0.9394	40.3	0.21	0.37811	0
AF-A0A7K3LI97-F1-model_v4	213	1	92.00	afdb	1	1.0000	1	1.0000				0
AF-A0A7K3LI97-F1-model_v4	213	1	92.00	esm	1	1.0000	1	1.0000	95.4	0.95	0.98182	0
AF-A0A511WX98-F1-model_v4	120	1	88.16	afdb	1	1.0000	1	1.0000				0
AF-A0A511WX98-F1-model_v4	120	1	88.16	esm	1	0.9130	0	0.9167	76.7	0.74	0.92535	0
AF-Q098G2-F1-model_v4	230	2	83.85	afdb	2	1.0000	1	1.0000				0
AF-Q098G2-F1-model_v4	230	2	83.85	esm	2	0.9860	0	0.9913	93.0	0.86	0.88425	0
AF-A0A2S8RN53-F1-model_v4	121	1	85.77	afdb	1	1.0000	1	1.0000				0
AF-A0A2S8RN53-F1-model_v4	121	1	85.77	esm	1	0.9823	0	0.9835	81.0	0.68	0.92603	0
AF-A0A1G5L1Z0-F1-model_v4	297	2	96.57	afdb	2	1.0000	1	1.0000				0
AF-A0A1G5L1Z0-F1-model_v4	297	2	96.57	esm	2	1.0000	1	1.0000	95.1	0.96	0.95678	0
AF-A0A507EVP1-F1-model_v4	199	2	92.14	afdb	2	1.0000	1	1.0000				0
AF-A0A507EVP1-F1-model_v4	199	2	92.14	esm	2	0.9628	0	0.9648	86.8	0.65	0.69419	0
AF-A0A0G2RBZ5-F1-model_v4	194	1	87.60	afdb	1	0.9845	0	0.9897				0
AF-A0A0G2RBZ5-F1-model_v4	194	1	87.60	esm	1	0.9403	0	0.9588	84.6	0.79	0.81853	0
AF-A0A6V7C0B8-F1-model_v4	228	1	93.83	afdb	1	1.0000	1	1.0000				0
AF-A0A6V7C0B8-F1-model_v4	228	1	93.83	esm	2	0.5374	0	0.9386	82.6	0.86	0.913	0
AF-A0A3N7Z6Y0-F1-model_v4	193	1	86.84	afdb	1	1.0000	1	1.0000				0
AF-A0A3N7Z6Y0-F1-model_v4	193	1	86.84	esm	1	0.9734	0	0.9741	94.8	0.95	0.97453	0
AF-A0A6N8YC37-F1-model_v4	602	4	86.21	afdb	4	1.0000	1	1.0000				0
AF-A0A6N8YC37-F1-model_v4	602	4	86.21	esm	3	0.6912	0	0.7890	93.1	0.70	0.60037	0
AF-A0A6I6L296-F1-model_v4	541	2	92.67	afdb	2	1.0000	1	1.0000				0
AF-A0A6I6L296-F1-model_v4	541	2	92.67	esm	2	0.9865	0	0.9945	91.9	0.94	0.95039	0
AF-A0A4Q9QCC0-F1-model_v4	374	3	90.59	afdb	3	1.0000	1	1.0000				0
AF-A0A4Q9QCC0-F1-model_v4	374	3	90.59	esm	3	0.8978	0	0.8476	90.0	0.92	0.9614	0
AF-A0A5N5MJJ0-F1-model_v4	643	4	87.03	afdb	4	1.0000	1	1.0000				0
AF-A0A5N5MJJ0-F1-model_v4	643	4	87.03	esm	4	0.9144	0	0.8989	79.3	0.53	0.55532	0
AF-A0A480ZMB3-F1-model_v4	612	2	73.47	afdb	2	1.0000	1	1.0000				0
AF-A0A480ZMB3-F1-model_v4	612	2	73.47	esm	3	0.7522	0	0.8056	74.1	0.33	0.36636	0
AF-A0A3Q3NLI0-F1-model_v4	762	3	51.79	afdb	3	1.0000	1	1.0000				0
AF-A0A3Q3NLI0-F1-model_v4	762	3	51.79	esm	2	0.6347	0	0.9278	46.9	0.28	0.26924	0
AF-A0A2U1UX61-F1-model_v4	406	1	85.02	afdb	1	1.0000	1	1.0000				0
AF-A0A2U1UX61-F1-model_v4	406	1	85.02	esm	1	0.8432	0	0.8695	85.3	0.91	0.91655	0
AF-A0A0W1A276-F1-model_v4	526	2	96.51	afdb	2	1.0000	1	1.0000				0
AF-A0A0W1A276-F1-model_v4	526	2	96.51	esm	1	0.4492	0	0.8973	95.8	0.98	0.99332	0
AF-A0A7L9K1E5-F1-model_v4	234	2	95.43	afdb	2	1.0000	1	1.0000				0
AF-A0A7L9K1E5-F1-model_v4	234	2	95.43	esm	2	0.9971	0	0.9957	98.2	0.97	0.99291	0
AF-A0A851Z7A0-F1-model_v4	635	1	93.40	afdb	1	1.0000	1	1.0000				0
AF-A0A851Z7A0-F1-model_v4	635	1	93.40	esm	1	0.0000	0	0.1323	74.1	0.84	0.87333	0
AF-A0A4R5LRG9-F1-model_v4	337	1	78.84	afdb	1	1.0000	1	1.0000				0
AF-A0A4R5LRG9-F1-model_v4	337	1	78.84	esm	1	0.9194	0	0.9347	89.1	0.91	0.9004	0
AF-A0A7S1T9L3-F1-model_v4	279	1	75.69	afdb	1	1.0000	1	1.0000				0
AF-A0A7S1T9L3-F1-model_v4	279	1	75.69	esm	1	0.7500	0	0.7993	88.1	0.85	0.83436	0
AF-A0A1B8P7L2-F1-model_v4	127	1	94.43	afdb	1	1.0000	1	1.0000				0
AF-A0A1B8P7L2-F1-model_v4	127	1	94.43	esm	1	0.9902	0	0.9921	82.0	0.75	0.9439	0
AF-A0A4S9DC59-F1-model_v4	736	3	85.14	afdb	3	1.0000	1	1.0000				0
AF-A0A4S9DC59-F1-model_v4	736	3	85.14	esm	4	0.9551	0	0.7228	87.4	0.92	0.95345	0
AF-A0A6S8I570-F1-model_v4	381	1	49.88	afdb	1	1.0000	1	1.0000				0
AF-A0A6S8I570-F1-model_v4	381	1	49.88	esm	1	0.0000	0	0.8084	48.8	0.20	0.23898	0
AF-A0A0Q6GBI3-F1-model_v4	176	1	92.49	afdb	1	1.0000	1	1.0000				0
AF-A0A0Q6GBI3-F1-model_v4	176	1	92.49	esm	1	1.0000	1	1.0000	85.4	0.80	0.97094	0
AF-F0LLR4-F1-model_v4	84	1	91.62	afdb	1	1.0000	1	1.0000				0
AF-F0LLR4-F1-model_v4	84	1	91.62	esm	1	1.0000	1	1.0000	87.6	0.72	0.95603	0
AF-A0A0F3N0E0-F1-model_v4	345	2	81.06	afdb	2	1.0000	1	1.0000				0
AF-A0A0F3N0E0-F1-model_v4	345	2	81.06	esm	2	0.9909	0	0.9913	86.9	0.90	0.92166	0
AF-A0A4V1SIP7-F1-model_v4	287	1	89.98	afdb	1	1.0000	1	1.0000				0
AF-A0A4V1SIP7-F1-model_v4	287	1	89.98	esm	1	0.9542	0	0.9617	92.7	0.90	0.8846	0
AF-A0A2W4QIX5-F1-model_v4	155	1	94.24	afdb	1	1.0000	1	1.0000				0
AF-A0A2W4QIX5-F1-model_v4	155	1	94.24	esm	2	0.5260	0	1.0000	46.7	0.34	0.45712	0
AF-A0A7X3HZH0-F1-model_v4	341	1	81.42	afdb	1	1.0000	1	1.0000				0
AF-A0A7X3HZH0-F1-model_v4	341	1	81.42	esm	2	0.8784	0	0.7302	88.8	0.71	0.7827	0
AF-A0A847HM98-F1-model_v4	188	1	67.95	afdb	1	1.0000	1	1.0000				0
AF-A0A847HM98-F1-model_v4	188	1	67.95	esm	1	0.9281	0	0.9415	86.3	0.79	0.82739	0
AF-A0A0S8HUZ5-F1-model_v4	186	1	91.83	afdb	1	1.0000	1	1.0000				0
AF-A0A0S8HUZ5-F1-model_v4	186	1	91.83	esm	1	0.8909	0	0.9032	90.1	0.91	0.96451	0
AF-A0A672ZER2-F1-model_v4	984	4	70.81	afdb	4	0.9263	0	0.9400				0
AF-A0A672ZER2-F1-model_v4	984	4	70.81	esm	4	0.6669	0	0.7215	79.9	0.48	0.58833	0
AF-A0A6G4FHD2-F1-model_v4	530	4	48.50	afdb	4	1.0000	1	1.0000				0
AF-A0A6G4FHD2-F1-model_v4	530	4	48.50	esm	2	0.4414	0	0.7321	54.8	0.34	0.31389	0
AF-A0A2I0LFA2-F1-model_v4	394	3	72.88	afdb	3	1.0000	1	1.0000				0
AF-A0A2I0LFA2-F1-model_v4	394	3	72.88	esm	3	0.6057	0	0.2386	90.3	0.90	0.73193	0
AF-A0A099YVJ1-F1-model_v4	268	1	93.90	afdb	1	1.0000	1	1.0000				0
AF-A0A099YVJ1-F1-model_v4	268	1	93.90	esm	1	1.0000	1	1.0000	98.2	0.97	0.98812	0
AF-A0A4V3D3X7-F1-model_v4	491	2	92.69	afdb	2	1.0000	1	1.0000				0
AF-A0A4V3D3X7-F1-model_v4	491	2	92.69	esm	2	0.9950	0	0.9939	92.7	0.92	0.96703	0
AF-A0A814W6E0-F1-model_v4	220	2	92.96	afdb	2	1.0000	1	1.0000				0
AF-A0A814W6E0-F1-model_v4	220	2	92.96	esm	2	1.0000	1	1.0000	91.8	0.93	0.97135	0
AF-A0A7X7YPJ2-F1-model_v4	359	1	94.37	afdb	1	1.0000	1	1.0000				0
AF-A0A7X7YPJ2-F1-model_v4	359	1	94.37	esm	1	0.5961	0	0.7131	90.6	0.91	0.89705	0
AF-A0A6A6EDU1-F1-model_v4	71	1	88.43	afdb	1	1.0000	1	1.0000				0
AF-A0A6A6EDU1-F1-model_v4	71	1	88.43	esm	1	0.9623	0	0.9718	67.4	0.43	0.66243	0
AF-D0NND8-F1-model_v4	463	3	69.05	afdb	3	1.0000	1	1.0000				0
AF-D0NND8-F1-model_v4	463	3	69.05	esm	3	0.7094	0	0.7365	50.4	0.33	0.4777	0
AF-A0A7J3W686-F1-model_v4	598	6	88.41	afdb	6	1.0000	1	1.0000				0
AF-A0A7J3W686-F1-model_v4	598	6	88.41	esm	5	0.8190	0	0.9398	86.1	0.64	0.72495	0
AF-A0A4Q0QZM8-F1-model_v4	539	3	85.13	afdb	3	1.0000	1	1.0000				0
AF-A0A4Q0QZM8-F1-model_v4	539	3	85.13	esm	3	0.7218	0	0.6382	94.2	0.94	0.95581	0
AF-A0A0L6UI18-F1-model_v4	44	1	64.13	afdb	0	0.0000	0	0.1591				0
AF-A0A0L6UI18-F1-model_v4	44	1	64.13	esm	1	0.9189	0	0.9318	65.8	0.39	0.32556	0
AF-A0A139D3J8-F1-model_v4	413	2	93.92	afdb	2	1.0000	1	1.0000				0
AF-A0A139D3J8-F1-model_v4	413	2	93.92	esm	2	0.8428	0	0.8378	73.3	0.73	0.80396	0
AF-A0A7W6JZR0-F1-model_v4	454	4	87.39	afdb	4	1.0000	1	1.0000				0
AF-A0A7W6JZR0-F1-model_v4	454	4	87.39	esm	4	0.9077	0	0.9317	93.2	0.71	0.58527	0
AF-A0A7L2FAW6-F1-model_v4	132	1	56.77	afdb	1	1.0000	1	1.0000				0
AF-A0A7L2FAW6-F1-model_v4	132	1	56.77	esm	1	0.9677	0	0.9924	36.1	0.21	0.28845	0
AF-A0A6P6RAE0-F1-model_v4	210	1	87.58	afdb	1	1.0000	1	1.0000				0
AF-A0A6P6RAE0-F1-model_v4	210	1	87.58	esm	1	0.9898	0	0.9905	96.4	0.95	0.9571	0
AF-A0A3P0X7M4-F1-model_v4	62	1	80.47	afdb	1	1.0000	1	1.0000				0
AF-A0A3P0X7M4-F1-model_v4	62	1	80.47	esm	1	1.0000	1	1.0000	76.5	0.54	0.74695	0
AF-A0A4Q3MJE4-F1-model_v4	137	1	78.10	afdb	1	1.0000	1	1.0000				0
AF-A0A4Q3MJE4-F1-model_v4	137	1	78.10	esm	1	0.9649	0	0.9854	69.8	0.53	0.63889	0
AF-A0A423HL35-F1-model_v4	137	2	94.65	afdb	2	1.0000	1	1.0000				0
AF-A0A423HL35-F1-model_v4	137	2	94.65	esm	2	0.9919	0	0.9927	86.7	0.83	0.92505	0
AF-A0A3M0WP21-F1-model_v4	109	1	86.98	afdb	1	1.0000	1	1.0000				0
AF-A0A3M0WP21-F1-model_v4	109	1	86.98	esm	1	0.9857	0	0.9908	85.0	0.69	0.8072	0
AF-A0A0Q0XRD4-F1-model_v4	170	1	84.20	afdb	1	1.0000	1	1.0000				0
AF-A0A0Q0XRD4-F1-model_v4	170	1	84.20	esm	1	0.7704	0	0.8176	74.0	0.72	0.83612	0
AF-A0A398DD09-F1-model_v4	143	1	89.30	afdb	1	1.0000	1	1.0000				0
AF-A0A398DD09-F1-model_v4	143	1	89.30	esm	1	0.3204	0	0.5105	68.8	0.52	0.75241	0
AF-A0A6B9MKW6-F1-model_v4	227	1	84.60	afdb	1	1.0000	1	1.0000				0
AF-A0A6B9MKW6-F1-model_v4	227	1	84.60	esm	1	0.9720	0	0.9736	88.4	0.87	0.87414	0
AF-A0A356I8C2-F1-model_v4	364	3	77.15	afdb	3	1.0000	1	1.0000				0
AF-A0A356I8C2-F1-model_v4	364	3	77.15	esm	3	0.8636	0	0.9093	83.8	0.58	0.60951	0
AF-A0A370X0J9-F1-model_v4	376	2	93.78	afdb	2	1.0000	1	1.0000				0
AF-A0A370X0J9-F1-model_v4	376	2	93.78	esm	2	0.9841	0	0.9840	92.9	0.95	0.95915	0
AF-A0A517LJG8-F1-model_v4	286	1	90.00	afdb	1	1.0000	1	1.0000				0
AF-A0A517LJG8-F1-model_v4	286	1	90.00	esm	1	0.7463	0	0.7622	88.9	0.91	0.90608	0
AF-A0A0E9N7R6-F1-model_v4	203	1	35.68	afdb	1	1.0000	1	1.0000				0
AF-A0A0E9N7R6-F1-model_v4	203	1	35.68	esm	1	0.4487	0	0.7882	34.4	0.13	0.19438	0
AF-A0A7Y9NIZ2-F1-model_v4	289	1	94.48	afdb	1	1.0000	1	1.0000				0
AF-A0A7Y9NIZ2-F1-model_v4	289	1	94.48	esm	1	0.9614	0	0.9619	94.0	0.96	0.98066	0
AF-H2ZSW8-F1-model_v4	163	1	64.05	afdb	1	1.0000	1	1.0000				0
AF-H2ZSW8-F1-model_v4	163	1	64.05	esm	1	0.9744	0	0.9816	59.0	0.59	0.74493	0
AF-A0A5J5Q3N7-F1-model_v4	181	1	67.09	afdb	1	1.0000	1	1.0000				0
AF-A0A5J5Q3N7-F1-model_v4	181	1	67.09	esm	1	0.7956	0	0.8453	71.6	0.69	0.69067	0
AF-A0A349DK78-F1-model_v4	886	5	85.92	afdb	5	1.0000	1	1.0000				0
AF-A0A349DK78-F1-model_v4	886	5	85.92	esm	6	0.9548	0	0.8950	92.1	0.66	0.8124	0
AF-A0A3A4RU70-F1-model_v4	311	2	87.76	afdb	2	1.0000	1	1.0000				0
AF-A0A3A4RU70-F1-model_v4	311	2	87.76	esm	2	0.6017	0	0.9228	92.4	0.94	0.97151	0
AF-A0A831XK98-F1-model_v4	319	2	41.08	afdb	2	1.0000	1	1.0000				0
AF-A0A831XK98-F1-model_v4	319	2	41.08	esm	2	0.8797	0	0.9185	70.8	0.50	0.36303	0
AF-A0A6M1MI11-F1-model_v4	332	2	93.45	afdb	2	1.0000	1	1.0000				0
AF-A0A6M1MI11-F1-model_v4	332	2	93.45	esm	2	1.0000	1	1.0000	97.1	0.97	0.99397	0
AF-A0A081N5L6-F1-model_v4	121	1	72.68	afdb	1	1.0000	1	1.0000				0
AF-A0A081N5L6-F1-model_v4	121	1	72.68	esm	1	0.9917	0	0.9917	87.3	0.82	0.93441	0
AF-A0A3M1FED3-F1-model_v4	805	2	89.11	afdb	2	0.8916	0	0.9553				0
AF-A0A3M1FED3-F1-model_v4	805	2	89.11	esm	4	0.8631	0	0.3975	94.8	0.86	0.76804	0
AF-A0A0K0KMZ5-F1-model_v4	312	1	96.91	afdb	1	1.0000	1	1.0000				0
AF-A0A0K0KMZ5-F1-model_v4	312	1	96.91	esm	1	1.0000	1	1.0000	96.5	0.96	0.98819	0
AF-A0A1H6X1T1-F1-model_v4	78	1	46.09	afdb	1	1.0000	1	1.0000				0
AF-A0A1H6X1T1-F1-model_v4	78	1	46.09	esm	1	0.4844	0	0.5769	47.9	0.15	0.27604	0
AF-A0A450X2T6-F1-model_v4	68	1	43.99	afdb	1	1.0000	1	1.0000				0
AF-A0A450X2T6-F1-model_v4	68	1	43.99	esm	0	0.0000	0	0.5882	38.0	0.14	0.36021	0
AF-A0A1G6G490-F1-model_v4	214	1	96.89	afdb	1	1.0000	1	1.0000				0
AF-A0A1G6G490-F1-model_v4	214	1	96.89	esm	1	0.9837	0	0.9860	97.3	0.96	0.97458	0
AF-A0A2Z4Y6W0-F1-model_v4	270	1	93.48	afdb	1	1.0000	1	1.0000				0
AF-A0A2Z4Y6W0-F1-model_v4	270	1	93.48	esm	1	1.0000	1	1.0000	93.0	0.96	0.98629	0
AF-A0A6G7PEY3-F1-model_v4	119	1	95.05	afdb	1	1.0000	1	1.0000				0
AF-A0A6G7PEY3-F1-model_v4	119	1	95.05	esm	1	0.9901	0	0.9916	88.5	0.87	0.95569	0
AF-A0A812PAC8-F1-model_v4	267	2	44.79	afdb	2	1.0000	1	1.0000				0
AF-A0A812PAC8-F1-model_v4	267	2	44.79	esm	1	0.2500	0	0.7004	43.3	0.24	0.34243	0
AF-A0A6P5GHK5-F1-model_v4	241	1	80.33	afdb	1	1.0000	1	1.0000				0
AF-A0A6P5GHK5-F1-model_v4	241	1	80.33	esm	1	0.8168	0	0.8548	78.3	0.78	0.76688	0
AF-A0A1I4I9R6-F1-model_v4	857	6	78.46	afdb	6	1.0000	1	1.0000				0
AF-A0A1I4I9R6-F1-model_v4	857	6	78.46	esm	7	0.9671	0	0.9032	90.6	0.84	0.75181	0
AF-A0A1H7LU08-F1-model_v4	288	2	84.81	afdb	2	1.0000	1	1.0000				0
AF-A0A1H7LU08-F1-model_v4	288	2	84.81	esm	2	0.9669	0	0.9757	85.8	0.74	0.76296	0
AF-A0A1X9PQ80-F1-model_v4	298	1	56.63	afdb	1	1.0000	1	1.0000				0
AF-A0A1X9PQ80-F1-model_v4	298	1	56.63	esm	1	0.9630	0	0.9933	66.2	0.29	0.25614	0
AF-A0A2J0LLV5-F1-model_v4	76	1	57.19	afdb	1	1.0000	1	1.0000				0
AF-A0A2J0LLV5-F1-model_v4	76	1	57.19	esm	1	0.9091	0	0.9605	56.8	0.40	0.48208	0
AF-U5FM42-F1-model_v4	477	2	90.45	afdb	2	1.0000	1	1.0000				0
AF-U5FM42-F1-model_v4	477	2	90.45	esm	2	0.9974	0	0.9979	94.6	0.97	0.97918	0
AF-A0A4R6G7Z3-F1-model_v4	398	3	89.02	afdb	3	1.0000	1	1.0000				0
AF-A0A4R6G7Z3-F1-model_v4	398	3	89.02	esm	3	0.5839	0	0.6005	96.4	0.83	0.93942	0
AF-A0A3A8IE06-F1-model_v4	259	1	89.18	afdb	1	1.0000	1	1.0000				0
AF-A0A3A8IE06-F1-model_v4	259	1	89.18	esm	1	0.9677	0	0.9768	96.6	0.96	0.9772	0
AF-A0A1V5GB39-F1-model_v4	279	1	98.24	afdb	1	1.0000	1	1.0000				0
AF-A0A1V5GB39-F1-model_v4	279	1	98.24	esm	1	1.0000	1	1.0000	98.1	0.97	0.99741	0
AF-A0A7X5YMP9-F1-model_v4	157	1	74.97	afdb	1	1.0000	1	1.0000				0
AF-A0A7X5YMP9-F1-model_v4	157	1	74.97	esm	1	0.9626	0	0.9745	70.5	0.57	0.74622	0
AF-A0A1S5QM05-F1-model_v4	259	2	96.99	afdb	2	1.0000	1	1.0000				0
AF-A0A1S5QM05-F1-model_v4	259	2	96.99	esm	2	0.9900	0	0.9923	93.0	0.92	0.92767	0
AF-A0A172TJU4-F1-model_v4	229	1	97.57	afdb	1	1.0000	1	1.0000				0
AF-A0A172TJU4-F1-model_v4	229	1	97.57	esm	1	1.0000	1	1.0000	93.1	0.93	0.978	0
AF-Q31FY1-F1-model_v4	444	2	95.73	afdb	2	1.0000	1	1.0000				0
AF-Q31FY1-F1-model_v4	444	2	95.73	esm	2	0.9908	0	0.9865	94.0	0.96	0.99114	0
AF-A0A6P6K7J9-F1-model_v4	378	1	86.40	afdb	1	1.0000	1	1.0000				0
AF-A0A6P6K7J9-F1-model_v4	378	1	86.40	esm	1	0.9627	0	0.9683	88.8	0.86	0.84244	0
AF-A0A1M6XFD9-F1-model_v4	218	1	97.36	afdb	1	1.0000	1	1.0000				0
AF-A0A1M6XFD9-F1-model_v4	218	1	97.36	esm	1	0.9944	0	0.9954	89.4	0.89	0.97593	0
AF-S8F629-F1-model_v4	329	2	86.51	afdb	2	1.0000	1	1.0000				0
AF-S8F629-F1-model_v4	329	2	86.51	esm	1	0.4720	0	0.9453	90.6	0.90	0.92066	0
AF-A0A439UTS8-F1-model_v4	116	1	97.29	afdb	1	1.0000	1	1.0000				0
AF-A0A439UTS8-F1-model_v4	116	1	97.29	esm	1	0.7876	0	0.7931	85.1	0.80	0.57524	0
AF-A0A1B1S2Q9-F1-model_v4	725	4	87.65	afdb	4	1.0000	1	1.0000				0
AF-A0A1B1S2Q9-F1-model_v4	725	4	87.65	esm	4	0.9940	0	0.9945	96.0	0.82	0.62275	0
AF-A0A0N1GJY3-F1-model_v4	266	1	78.02	afdb	1	1.0000	1	1.0000				0
AF-A0A0N1GJY3-F1-model_v4	266	1	78.02	esm	1	0.9466	0	0.9474	93.8	0.94	0.93049	0
AF-A0A3G2LBG7-F1-model_v4	240	2	89.20	afdb	2	1.0000	1	1.0000				0
AF-A0A3G2LBG7-F1-model_v4	240	2	89.20	esm	2	0.8958	0	0.8958	82.2	0.84	0.85048	0
AF-A0A4U9W299-F1-model_v4	109	1	91.15	afdb	0	0.0000	0	0.1284				0
AF-A0A4U9W299-F1-model_v4	109	1	91.15	esm	0	0.0000	0	0.1284	86.6	0.63	0.73133	0
AF-A0A2E1FRQ3-F1-model_v4	210	2	92.31	afdb	2	1.0000	1	1.0000				0
AF-A0A2E1FRQ3-F1-model_v4	210	2	92.31	esm	1	0.4992	0	0.7667	82.4	0.80	0.87591	0
AF-A0A7C7R050-F1-model_v4	140	1	86.91	afdb	1	1.0000	1	1.0000				0
AF-A0A7C7R050-F1-model_v4	140	1	86.91	esm	1	1.0000	1	1.0000	66.0	0.58	0.72225	0
AF-D2H9F1-F1-model_v4	346	2	69.61	afdb	2	1.0000	1	1.0000				0
AF-D2H9F1-F1-model_v4	346	2	69.61	esm	2	0.9082	0	0.9422	71.2	0.36	0.32457	0
AF-A0A2E4RBK5-F1-model_v4	234	1	85.23	afdb	1	1.0000	1	1.0000				0
AF-A0A2E4RBK5-F1-model_v4	234	1	85.23	esm	1	0.9943	0	0.9957	84.7	0.77	0.6942	0
AF-A0A2T1NHH8-F1-model_v4	144	1	93.81	afdb	1	1.0000	1	1.0000				0
AF-A0A2T1NHH8-F1-model_v4	144	1	93.81	esm	1	0.9926	0	0.9931	86.3	0.84	0.95269	0
AF-A0A0R3U4J9-F1-model_v4	308	2	79.68	afdb	2	1.0000	1	1.0000				0
AF-A0A0R3U4J9-F1-model_v4	308	2	79.68	esm	2	0.9145	0	0.8734	77.2	0.73	0.81304	0
AF-A0A367W443-F1-model_v4	344	2	81.47	afdb	2	1.0000	1	1.0000				0
AF-A0A367W443-F1-model_v4	344	2	81.47	esm	2	0.4543	0	0.2994	50.8	0.26	0.26017	0
AF-A0A126GV12-F1-model_v4	673	4	65.40	afdb	4	1.0000	1	1.0000				0
AF-A0A126GV12-F1-model_v4	673	4	65.40	esm	2	0.4934	0	0.6761	63.6	0.27	0.30197	0
AF-A0A6J5WIZ9-F1-model_v4	188	1	91.83	afdb	1	1.0000	1	1.0000				0
AF-A0A6J5WIZ9-F1-model_v4	188	1	91.83	esm	1	0.7278	0	0.7713	70.6	0.61	0.64514	0
AF-A0A495K1U9-F1-model_v4	199	2	81.09	afdb	2	1.0000	1	1.0000				0
AF-A0A495K1U9-F1-model_v4	199	2	81.09	esm	2	1.0000	1	1.0000	88.8	0.76	0.69115	0
AF-A0A2W7BAC6-F1-model_v4	419	2	76.91	afdb	2	1.0000	1	1.0000				0
AF-A0A2W7BAC6-F1-model_v4	419	2	76.91	esm	2	0.9831	0	0.9881	76.3	0.56	0.62909	0
AF-A0A180EQD8-F1-model_v4	253	1	95.49	afdb	1	1.0000	1	1.0000				0
AF-A0A180EQD8-F1-model_v4	253	1	95.49	esm	1	0.9839	0	0.9842	97.6	0.97	0.99459	0
AF-A0A2P8LAU6-F1-model_v4	394	1	97.51	afdb	1	1.0000	1	1.0000				0
AF-A0A2P8LAU6-F1-model_v4	394	1	97.51	esm	1	0.4427	0	0.6294	96.1	0.97	0.97492	0
AF-H2Y7D9-F1-model_v4	83	1	36.06	afdb	1	1.0000	1	1.0000				0
AF-H2Y7D9-F1-model_v4	83	1	36.06	esm	1	0.6463	0	0.6506	32.4	0.14	0.38296	0
AF-A0A7R7A4A7-F1-model_v4	352	3	56.26	afdb	3	1.0000	1	1.0000				0
AF-A0A7R7A4A7-F1-model_v4	352	3	56.26	esm	3	0.8211	0	0.8523	56.0	0.42	0.23382	0
AF-A0A5M3XU67-F1-model_v4	134	1	90.28	afdb	1	1.0000	1	1.0000				0
AF-A0A5M3XU67-F1-model_v4	134	1	90.28	esm	1	1.0000	1	1.0000	79.7	0.80	0.93073	0
AF-A0A5A9X7Y4-F1-model_v4	464	1	88.79	afdb	1	1.0000	1	1.0000				0
AF-A0A5A9X7Y4-F1-model_v4	464	1	88.79	esm	2	0.9775	0	0.8405	93.2	0.94	0.93601	0
AF-A0A0C3DU02-F1-model_v4	324	3	70.70	afdb	3	1.0000	1	1.0000				0
AF-A0A0C3DU02-F1-model_v4	324	3	70.70	esm	3	0.9706	0	0.9722	72.3	0.51	0.73084	0
AF-A0A1Y2A5S0-F1-model_v4	618	2	84.60	afdb	2	1.0000	1	1.0000				0
AF-A0A1Y2A5S0-F1-model_v4	618	2	84.60	esm	2	0.8558	0	0.9272	66.2	0.58	0.72027	0
AF-A0A7R7EPR7-F1-model_v4	137	1	75.34	afdb	1	1.0000	1	1.0000				0
AF-A0A7R7EPR7-F1-model_v4	137	1	75.34	esm	1	0.9310	0	0.9562	77.8	0.64	0.7713	0
AF-A0A0M9Z4E6-F1-model_v4	423	2	88.22	afdb	2	1.0000	1	1.0000				0
AF-A0A0M9Z4E6-F1-model_v4	423	2	88.22	esm	1	0.4617	0	0.8014	95.1	0.93	0.9277	0
AF-R5IDS5-F1-model_v4	227	2	91.65	afdb	2	1.0000	1	1.0000				0
AF-R5IDS5-F1-model_v4	227	2	91.65	esm	2	0.7990	0	0.7885	86.1	0.41	0.45493	0
AF-A0A7H8Z1S5-F1-model_v4	703	4	63.14	afdb	4	1.0000	1	1.0000				0
AF-A0A7H8Z1S5-F1-model_v4	703	4	63.14	esm	4	0.8583	0	0.9018	71.9	0.38	0.36402	0
AF-F9MMM9-F1-model_v4	449	2	77.60	afdb	2	1.0000	1	1.0000				0
AF-F9MMM9-F1-model_v4	449	2	77.60	esm	3	0.9318	0	0.9042	69.7	0.53	0.54556	0
AF-A0A0B4X7G0-F1-model_v4	299	1	95.61	afdb	1	1.0000	1	1.0000				0
AF-A0A0B4X7G0-F1-model_v4	299	1	95.61	esm	1	0.9731	0	0.9799	95.0	0.96	0.98937	0
AF-A0A2R8CCR1-F1-model_v4	261	2	94.18	afdb	2	1.0000	1	1.0000				0
AF-A0A2R8CCR1-F1-model_v4	261	2	94.18	esm	2	1.0000	1	1.0000	91.8	0.95	0.97414	0
AF-A0A7W0V374-F1-model_v4	468	2	90.18	afdb	2	1.0000	1	1.0000				0
AF-A0A7W0V374-F1-model_v4	468	2	90.18	esm	3	0.8704	0	0.7970	89.0	0.93	0.94406	0
AF-A0A2N3VHT6-F1-model_v4	69	1	55.32	afdb	1	1.0000	1	1.0000				0
AF-A0A2N3VHT6-F1-model_v4	69	1	55.32	esm	1	0.6923	0	0.8261	41.8	0.12	0.29985	0
AF-A0A6J8EL41-F1-model_v4	267	3	69.16	afdb	3	1.0000	1	1.0000				0
AF-A0A6J8EL41-F1-model_v4	267	3	69.16	esm	2	0.5770	0	0.8614	83.8	0.72	0.76266	0
AF-A0A4S5BL98-F1-model_v4	141	1	84.94	afdb	1	1.0000	1	1.0000				0
AF-A0A4S5BL98-F1-model_v4	141	1	84.94	esm	1	0.9030	0	0.9078	85.5	0.76	0.84533	0
AF-A0A438DER0-F1-model_v4	77	1	60.99	afdb	1	0.4762	0	0.7143				0
AF-A0A438DER0-F1-model_v4	77	1	60.99	esm	1	0.5362	0	0.5844	57.6	0.35	0.32774	0
AF-A0A377G5R4-F1-model_v4	398	1	56.31	afdb	2	1.0000	0	0.8643				0
AF-A0A377G5R4-F1-model_v4	398	1	56.31	esm	1	0.6425	0	0.8266	71.5	0.62	0.62434	0
AF-A0A101U7M6-F1-model_v4	268	1	85.81	afdb	1	1.0000	1	1.0000				0
AF-A0A101U7M6-F1-model_v4	268	1	85.81	esm	1	0.9538	0	0.9664	92.0	0.77	0.77792	0
AF-A0A285D8C1-F1-model_v4	464	2	89.32	afdb	2	1.0000	1	1.0000				0
AF-A0A285D8C1-F1-model_v4	464	2	89.32	esm	2	0.9694	0	0.9698	96.1	0.95	0.96034	0
AF-A0A1H7LSS8-F1-model_v4	262	2	89.14	afdb	2	1.0000	1	1.0000				0
AF-A0A1H7LSS8-F1-model_v4	262	2	89.14	esm	2	0.9960	0	0.9962	96.8	0.93	0.9637	0
AF-A0A661PJA9-F1-model_v4	534	3	90.96	afdb	2	0.6667	0	0.7903				0
AF-A0A661PJA9-F1-model_v4	534	3	90.96	esm	2	0.6138	0	0.7434	88.3	0.94	0.93796	0
AF-A0A7X3I907-F1-model_v4	207	2	77.68	afdb	2	1.0000	1	1.0000				0
AF-A0A7X3I907-F1-model_v4	207	2	77.68	esm	2	0.8594	0	0.9130	78.9	0.37	0.33225	0
AF-A0A5E6UXB5-F1-model_v4	553	2	85.14	afdb	2	1.0000	1	1.0000				0
AF-A0A5E6UXB5-F1-model_v4	553	2	85.14	esm	1	0.4637	0	0.8499	93.1	0.91	0.96057	0
AF-A0A1A6B1M4-F1-model_v4	289	1	95.59	afdb	1	1.0000	1	1.0000				0
AF-A0A1A6B1M4-F1-model_v4	289	1	95.59	esm	1	1.0000	1	1.0000	97.4	0.97	0.99177	0
AF-A0A6S5TRY1-F1-model_v4	102	1	73.31	afdb	1	1.0000	1	1.0000				0
AF-A0A6S5TRY1-F1-model_v4	102	1	73.31	esm	1	0.7647	0	0.8431	38.8	0.22	0.35103	0
AF-A0A7S7MW09-F1-model_v4	626	4	86.84	afdb	4	1.0000	1	1.0000				0
AF-A0A7S7MW09-F1-model_v4	626	4	86.84	esm	4	0.7776	0	0.7971	70.4	0.56	0.57898	0
AF-A0A2I4GSM0-F1-model_v4	171	2	75.74	afdb	2	1.0000	1	1.0000				0
AF-A0A2I4GSM0-F1-model_v4	171	2	75.74	esm	3	0.8394	0	0.6608	72.0	0.44	0.51607	0
AF-A0A231HF66-F1-model_v4	320	3	75.35	afdb	3	1.0000	1	1.0000				0
AF-A0A231HF66-F1-model_v4	320	3	75.35	esm	1	0.3309	0	0.5500	81.4	0.63	0.51674	0
AF-A0A0C2TFK7-F1-model_v4	219	1	81.96	afdb	1	1.0000	1	1.0000				0
AF-A0A0C2TFK7-F1-model_v4	219	1	81.96	esm	1	0.9304	0	0.9498	89.4	0.81	0.81713	0
AF-A0A3G8Y7E5-F1-model_v4	117	1	72.05	afdb	1	1.0000	1	1.0000				0
AF-A0A3G8Y7E5-F1-model_v4	117	1	72.05	esm	1	1.0000	1	1.0000	84.4	0.79	0.73591	0
AF-A0A1H3IBP7-F1-model_v4	549	2	90.70	afdb	2	1.0000	1	1.0000				0
AF-A0A1H3IBP7-F1-model_v4	549	2	90.70	esm	3	0.8677	0	0.8124	78.7	0.79	0.8578	0
AF-A0A0B7ITT4-F1-model_v4	404	4	86.11	afdb	4	1.0000	1	1.0000				0
AF-A0A0B7ITT4-F1-model_v4	404	4	86.11	esm	4	0.8944	0	0.9505	96.1	0.65	0.69951	0
AF-I3RET4-F1-model_v4	529	4	97.24	afdb	4	1.0000	1	1.0000				0
AF-I3RET4-F1-model_v4	529	4	97.24	esm	3	0.7344	0	0.7410	91.4	0.90	0.98417	0
AF-A0A5K8A3F5-F1-model_v4	88	1	89.74	afdb	1	1.0000	1	1.0000				0
AF-A0A5K8A3F5-F1-model_v4	88	1	89.74	esm	1	0.9512	0	0.9545	81.5	0.77	0.96623	0
AF-A0A3Q0T0M1-F1-model_v4	440	3	63.77	afdb	3	1.0000	1	1.0000				0
AF-A0A3Q0T0M1-F1-model_v4	440	3	63.77	esm	3	0.8660	0	0.9068	72.0	0.30	0.32554	0
AF-A0A5E3WTB9-F1-model_v4	853	3	86.90	afdb	3	1.0000	1	1.0000				0
AF-A0A5E3WTB9-F1-model_v4	853	3	86.90	esm	3	0.8965	0	0.9050	81.6	0.85	0.83967	0
AF-A0A3P6CGS6-F1-model_v4	42	1	55.65	afdb	1	1.0000	1	1.0000				0
AF-A0A3P6CGS6-F1-model_v4	42	1	55.65	esm	1	0.9722	0	0.9762	51.2	0.24	0.42879	0
AF-B0EEK8-F1-model_v4	222	2	68.68	afdb	2	1.0000	1	1.0000				0
AF-B0EEK8-F1-model_v4	222	2	68.68	esm	2	0.9887	0	0.9910	60.3	0.34	0.41064	0
AF-A0A4Q7Q5I5-F1-model_v4	390	2	89.21	afdb	2	1.0000	1	1.0000				0
AF-A0A4Q7Q5I5-F1-model_v4	390	2	89.21	esm	2	0.9887	0	0.9897	92.0	0.94	0.9366	0
AF-A0A838MLQ6-F1-model_v4	263	1	91.81	afdb	1	1.0000	1	1.0000				0
AF-A0A838MLQ6-F1-model_v4	263	1	91.81	esm	1	0.8298	0	0.8479	85.4	0.89	0.93308	0
AF-A0A845XWC5-F1-model_v4	140	1	93.13	afdb	1	1.0000	1	1.0000				0
AF-A0A845XWC5-F1-model_v4	140	1	93.13	esm	1	1.0000	1	1.0000	90.3	0.89	0.96844	0
AF-A0A3C0ELU5-F1-model_v4	230	1	72.40	afdb	1	1.0000	1	1.0000				0
AF-A0A3C0ELU5-F1-model_v4	230	1	72.40	esm	1	0.8551	0	0.8652	72.7	0.80	0.84528	0
AF-A0A6P1INF3-F1-model_v4	329	1	87.46	afdb	1	1.0000	1	1.0000				0
AF-A0A6P1INF3-F1-model_v4	329	1	87.46	esm	1	0.9867	0	0.9909	96.5	0.97	0.9664	0
AF-A0A373NF74-F1-model_v4	204	1	46.14	afdb	1	1.0000	1	1.0000				0
AF-A0A373NF74-F1-model_v4	204	1	46.14	esm	2	0.6312	0	0.9118	83.0	0.72	0.46877	0
AF-U4T515-F1-model_v4	277	1	66.65	afdb	1	1.0000	1	1.0000				0
AF-U4T515-F1-model_v4	277	1	66.65	esm	1	0.8506	0	0.9061	80.6	0.65	0.50964	0
AF-A0A7S2A4C9-F1-model_v4	402	1	75.26	afdb	1	1.0000	1	1.0000				0
AF-A0A7S2A4C9-F1-model_v4	402	1	75.26	esm	2	0.9628	0	0.7637	79.0	0.82	0.80309	0
AF-A0A191WD99-F1-model_v4	351	2	96.63	afdb	2	1.0000	1	1.0000				0
AF-A0A191WD99-F1-model_v4	351	2	96.63	esm	2	0.9898	0	0.9915	85.0	0.86	0.9169	0
AF-A0A7L2SHJ6-F1-model_v4	292	2	83.78	afdb	2	1.0000	1	1.0000				0
AF-A0A7L2SHJ6-F1-model_v4	292	2	83.78	esm	2	0.9802	0	0.9829	77.9	0.62	0.66799	0
AF-F0W251-F1-model_v4	384	2	74.06	afdb	2	1.0000	1	1.0000				0
AF-F0W251-F1-model_v4	384	2	74.06	esm	2	0.9545	0	0.9896	79.7	0.68	0.72342	0
AF-A0A839HAA7-F1-model_v4	415	2	90.86	afdb	2	1.0000	1	1.0000				0
AF-A0A839HAA7-F1-model_v4	415	2	90.86	esm	2	0.9929	0	0.9928	94.8	0.96	0.98063	0
AF-A0A6B8RIY2-F1-model_v4	300	2	85.41	afdb	2	1.0000	1	1.0000				0
AF-A0A6B8RIY2-F1-model_v4	300	2	85.41	esm	3	0.8497	0	0.9767	89.8	0.60	0.58202	0
AF-A0A076HIQ1-F1-model_v4	435	4	94.07	afdb	4	1.0000	1	1.0000				0
AF-A0A076HIQ1-F1-model_v4	435	4	94.07	esm	4	0.9158	0	0.9379	97.5	0.97	0.97702	0
AF-A0A4Q2UEY7-F1-model_v4	250	2	69.67	afdb	2	1.0000	1	1.0000				0
AF-A0A4Q2UEY7-F1-model_v4	250	2	69.67	esm	2	0.9880	0	0.9920	81.5	0.49	0.64107	0
AF-A0A1F5HXL0-F1-model_v4	146	1	63.22	afdb	1	1.0000	1	1.0000				0
AF-A0A1F5HXL0-F1-model_v4	146	1	63.22	esm	1	0.9562	0	0.9589	47.5	0.29	0.41651	0
AF-A0A117LP11-F1-model_v4	187	1	85.24	afdb	1	1.0000	1	1.0000				0
AF-A0A117LP11-F1-model_v4	187	1	85.24	esm	1	0.9706	0	0.9733	90.2	0.91	0.97205	0
AF-A0A4Y9EU38-F1-model_v4	530	2	94.92	afdb	2	1.0000	1	1.0000				0
AF-A0A4Y9EU38-F1-model_v4	530	2	94.92	esm	1	0.4939	0	0.7415	95.0	0.96	0.88785	0
AF-A0A0R1L8D2-F1-model_v4	718	6	81.22	afdb	6	0.9967	0	0.9972				0
AF-A0A0R1L8D2-F1-model_v4	718	6	81.22	esm	6	0.9677	0	0.9721	76.1	0.47	0.36639	0
AF-A0A413JVE9-F1-model_v4	335	2	86.57	afdb	2	1.0000	1	1.0000				0
AF-A0A413JVE9-F1-model_v4	335	2	86.57	esm	2	0.9964	0	0.9970	94.1	0.83	0.82361	0
AF-A0A178EP12-F1-model_v4	305	2	68.27	afdb	2	1.0000	1	1.0000				0
AF-A0A178EP12-F1-model_v4	305	2	68.27	esm	2	0.8295	0	0.8033	64.9	0.56	0.78054	0
AF-A0A810E035-F1-model_v4	215	1	94.64	afdb	1	1.0000	1	1.0000				0
AF-A0A810E035-F1-model_v4	215	1	94.64	esm	1	0.9951	0	0.9953	97.7	0.97	0.97708	0
AF-A0A6N7HK73-F1-model_v4	655	2	79.59	afdb	2	1.0000	1	1.0000				0
AF-A0A6N7HK73-F1-model_v4	655	2	79.59	esm	3	0.9366	0	0.6443	90.7	0.84	0.8855	0
AF-A0A250XMH3-F1-model_v4	714	4	76.85	afdb	4	1.0000	1	1.0000				0
AF-A0A250XMH3-F1-model_v4	714	4	76.85	esm	4	0.9294	0	0.9342	85.5	0.62	0.56109	0
AF-A0A2N3N1J5-F1-model_v4	337	1	69.15	afdb	1	1.0000	1	1.0000				0
AF-A0A2N3N1J5-F1-model_v4	337	1	69.15	esm	1	1.0000	1	1.0000	69.6	0.43	0.44273	0
AF-A0A5J4NTB2-F1-model_v4	250	1	57.37	afdb	1	1.0000	1	1.0000				0
AF-A0A5J4NTB2-F1-model_v4	250	1	57.37	esm	2	0.9091	0	0.7440	62.0	0.53	0.53159	0
AF-A0A7S2VZK5-F1-model_v4	266	1	88.81	afdb	1	1.0000	1	1.0000				0
AF-A0A7S2VZK5-F1-model_v4	266	1	88.81	esm	1	0.9256	0	0.9323	89.1	0.91	0.91131	0
AF-A0A2P5F168-F1-model_v4	194	1	84.49	afdb	1	1.0000	1	1.0000				0
AF-A0A2P5F168-F1-model_v4	194	1	84.49	esm	1	0.9853	0	0.9897	89.6	0.82	0.78904	0
AF-A0A6P1GD56-F1-model_v4	126	1	72.79	afdb	1	1.0000	1	1.0000				0
AF-A0A6P1GD56-F1-model_v4	126	1	72.79	esm	1	0.9406	0	0.9524	74.7	0.54	0.65386	0
AF-L9X258-F1-model_v4	184	1	79.54	afdb	1	1.0000	1	1.0000				0
AF-L9X258-F1-model_v4	184	1	79.54	esm	1	0.9732	0	0.9837	84.8	0.65	0.72547	0
AF-A0A1W9ZBY6-F1-model_v4	479	1	93.57	afdb	1	1.0000	1	1.0000				0
AF-A0A1W9ZBY6-F1-model_v4	479	1	93.57	esm	1	0.9705	0	0.9708	92.6	0.97	0.97026	0
AF-A0A354SHU7-F1-model_v4	276	2	78.06	afdb	2	1.0000	1	1.0000				0
AF-A0A354SHU7-F1-model_v4	276	2	78.06	esm	2	0.7926	0	0.8406	87.7	0.56	0.51064	0
AF-A0A7G9WBL3-F1-model_v4	208	1	83.65	afdb	1	1.0000	1	1.0000				0
AF-A0A7G9WBL3-F1-model_v4	208	1	83.65	esm	1	0.9572	0	0.9615	86.9	0.84	0.91601	0
AF-A0A0R0A9S1-F1-model_v4	368	2	97.29	afdb	2	1.0000	1	1.0000				0
AF-A0A0R0A9S1-F1-model_v4	368	2	97.29	esm	2	0.9906	0	0.9918	97.0	0.96	0.99273	0
AF-A0A2N3DE55-F1-model_v4	74	2	62.42	afdb	2	1.0000	1	1.0000				0
AF-A0A2N3DE55-F1-model_v4	74	2	62.42	esm	1	0.4384	0	0.8784	74.6	0.53	0.46385	0
AF-A0A503KPT7-F1-model_v4	199	1	82.67	afdb	1	1.0000	1	1.0000				0
AF-A0A503KPT7-F1-model_v4	199	1	82.67	esm	1	0.9936	0	0.9950	86.0	0.84	0.8551	0
AF-A0A143YWQ4-F1-model_v4	396	2	97.93	afdb	2	1.0000	1	1.0000				0
AF-A0A143YWQ4-F1-model_v4	396	2	97.93	esm	2	0.9980	0	0.9975	72.6	0.66	0.91679	0
AF-A0A6M3XVM0-F1-model_v4	191	2	88.52	afdb	2	1.0000	1	1.0000				0
AF-A0A6M3XVM0-F1-model_v4	191	2	88.52	esm	2	0.8805	0	0.9110	80.7	0.75	0.74433	0
AF-A0A445GIP6-F1-model_v4	571	2	66.73	afdb	2	1.0000	1	1.0000				0
AF-A0A445GIP6-F1-model_v4	571	2	66.73	esm	1	0.4810	0	0.8126	74.3	0.70	0.65281	0
AF-A0A1L6R071-F1-model_v4	309	3	82.35	afdb	3	1.0000	1	1.0000				0
AF-A0A1L6R071-F1-model_v4	309	3	82.35	esm	3	0.9808	0	0.9871	88.5	0.59	0.58909	0
AF-A0A401H680-F1-model_v4	107	1	88.67	afdb	1	1.0000	1	1.0000				0
AF-A0A401H680-F1-model_v4	107	1	88.67	esm	2	0.9559	0	0.6916	72.8	0.61	0.63124	0
AF-A0A4Y2FIE8-F1-model_v4	495	1	87.94	afdb	1	1.0000	1	1.0000				0
AF-A0A4Y2FIE8-F1-model_v4	495	1	87.94	esm	1	0.9957	0	0.9960	94.3	0.96	0.96874	0
AF-A0A7W1XR59-F1-model_v4	641	4	96.74	afdb	4	1.0000	1	1.0000				0
AF-A0A7W1XR59-F1-model_v4	641	4	96.74	esm	3	0.7064	0	0.8955	85.7	0.92	0.97632	0
AF-A0A4R1YMC4-F1-model_v4	131	1	91.12	afdb	1	1.0000	1	1.0000				0
AF-A0A4R1YMC4-F1-model_v4	131	1	91.12	esm	1	0.7661	0	0.7786	88.0	0.84	0.91045	0
AF-A0A2N9I6E5-F1-model_v4	373	2	76.38	afdb	2	1.0000	1	1.0000				0
AF-A0A2N9I6E5-F1-model_v4	373	2	76.38	esm	3	0.9903	0	0.6568	89.2	0.86	0.92743	0
AF-D2RET3-F1-model_v4	606	2	91.73	afdb	2	1.0000	1	1.0000				0
AF-D2RET3-F1-model_v4	606	2	91.73	esm	1	0.4905	0	0.8762	91.4	0.89	0.89809	0
AF-A0A1E4TLK2-F1-model_v4	328	1	95.04	afdb	1	1.0000	1	1.0000				0
AF-A0A1E4TLK2-F1-model_v4	328	1	95.04	esm	1	0.7636	0	0.7744	97.1	0.97	0.99223	0
AF-A0A7W6RQ88-F1-model_v4	141	1	63.83	afdb	1	1.0000	1	1.0000				0
AF-A0A7W6RQ88-F1-model_v4	141	1	63.83	esm	1	0.6522	0	0.8298	54.9	0.28	0.38208	0
AF-R1EAD5-F1-model_v4	365	2	58.74	afdb	2	1.0000	1	1.0000				0
AF-R1EAD5-F1-model_v4	365	2	58.74	esm	2	0.7354	0	0.7644	71.3	0.66	0.39419	0
AF-A0A6G2TVW5-F1-model_v4	421	2	87.25	afdb	2	1.0000	1	1.0000				0
AF-A0A6G2TVW5-F1-model_v4	421	2	87.25	esm	2	0.9743	0	0.9762	92.2	0.91	0.80194	0
AF-A0A1F9AAV7-F1-model_v4	527	2	93.72	afdb	2	1.0000	1	1.0000				0
AF-A0A1F9AAV7-F1-model_v4	527	2	93.72	esm	2	0.9888	0	0.9943	86.7	0.86	0.85289	0
AF-A0A235IIG8-F1-model_v4	332	2	80.35	afdb	2	1.0000	1	1.0000				0
AF-A0A235IIG8-F1-model_v4	332	2	80.35	esm	2	0.9341	0	0.9458	83.6	0.81	0.83728	0
AF-F7Y4P5-F1-model_v4	691	2	86.42	afdb	2	1.0000	1	1.0000				0
AF-F7Y4P5-F1-model_v4	691	2	86.42	esm	2	0.8774	0	0.9088	94.8	0.95	0.92926	0
AF-A0A7Y2NUC4-F1-model_v4	348	2	96.87	afdb	2	1.0000	1	1.0000				0
AF-A0A7Y2NUC4-F1-model_v4	348	2	96.87	esm	2	0.9918	0	0.9885	77.6	0.75	0.91431	0
AF-A0A1H5R8C3-F1-model_v4	136	1	96.39	afdb	1	1.0000	1	1.0000				0
AF-A0A1H5R8C3-F1-model_v4	136	1	96.39	esm	1	1.0000	1	1.0000	88.2	0.83	0.92911	0
AF-A0A523BRA1-F1-model_v4	239	1	61.36	afdb	1	1.0000	1	1.0000				0
AF-A0A523BRA1-F1-model_v4	239	1	61.36	esm	1	0.8995	0	0.9121	88.7	0.89	0.86168	0
AF-V6STH8-F1-model_v4	443	3	89.29	afdb	3	1.0000	1	1.0000				0
AF-V6STH8-F1-model_v4	443	3	89.29	esm	3	0.9425	0	0.9413	92.1	0.77	0.72155	0
AF-A0A7C6YC04-F1-model_v4	258	2	92.17	afdb	2	1.0000	1	1.0000				0
AF-A0A7C6YC04-F1-model_v4	258	2	92.17	esm	2	0.8296	0	0.8643	74.2	0.53	0.53229	0
AF-A0A7K5NPB2-F1-model_v4	549	2	79.79	afdb	2	1.0000	1	1.0000				0
AF-A0A7K5NPB2-F1-model_v4	549	2	79.79	esm	3	0.6734	0	0.8798	80.7	0.52	0.53336	0
AF-A0A3R6HGY7-F1-model_v4	181	2	78.58	afdb	2	1.0000	1	1.0000				0
AF-A0A3R6HGY7-F1-model_v4	181	2	78.58	esm	2	0.9320	0	0.9061	85.5	0.76	0.90507	0
AF-A0A1R0X475-F1-model_v4	458	2	87.24	afdb	2	1.0000	1	1.0000				0
AF-A0A1R0X475-F1-model_v4	458	2	87.24	esm	2	0.9628	0	0.9672	80.4	0.61	0.60954	0
AF-A0A2L0TP23-F1-model_v4	276	1	94.95	afdb	1	1.0000	1	1.0000				0
AF-A0A2L0TP23-F1-model_v4	276	1	94.95	esm	1	0.8487	0	0.8514	96.4	0.97	0.99266	0
AF-A0A1Q3KRN6-F1-model_v4	163	1	86.90	afdb	1	1.0000	1	1.0000				0
AF-A0A1Q3KRN6-F1-model_v4	163	1	86.90	esm	1	0.9624	0	0.9693	79.9	0.72	0.87544	0
AF-B7G2H9-F1-model_v4	277	1	43.24	afdb	1	1.0000	1	1.0000				0
AF-B7G2H9-F1-model_v4	277	1	43.24	esm	1	0.0000	0	0.5162	31.1	0.14	0.22114	0
AF-A0A3S1JZI3-F1-model_v4	483	4	88.22	afdb	4	1.0000	1	1.0000				0
AF-A0A3S1JZI3-F1-model_v4	483	4	88.22	esm	4	0.9802	0	0.9793	91.5	0.78	0.81632	0
AF-A0A652KK38-F1-model_v4	308	2	93.22	afdb	2	1.0000	1	1.0000				0
AF-A0A652KK38-F1-model_v4	308	2	93.22	esm	2	0.9828	0	0.9903	95.3	0.96	0.97177	0
AF-A0A6I3I508-F1-model_v4	141	1	78.85	afdb	1	1.0000	1	1.0000				0
AF-A0A6I3I508-F1-model_v4	141	1	78.85	esm	1	1.0000	1	1.0000	65.8	0.53	0.79772	0
AF-G7K8P2-F1-model_v4	116	1	71.79	afdb	1	1.0000	1	1.0000				0
AF-G7K8P2-F1-model_v4	116	1	71.79	esm	1	0.8142	0	0.8190	68.6	0.61	0.76845	0
AF-A0A6P5Y0L8-F1-model_v4	527	2	86.80	afdb	2	1.0000	1	1.0000				0
AF-A0A6P5Y0L8-F1-model_v4	527	2	86.80	esm	2	0.9821	0	0.9829	76.5	0.67	0.80012	0
AF-A0A2N2Y7V7-F1-model_v4	239	1	86.02	afdb	1	1.0000	1	1.0000				0
AF-A0A2N2Y7V7-F1-model_v4	239	1	86.02	esm	1	0.8059	0	0.8075	93.6	0.92	0.94072	0
AF-A0A136L183-F1-model_v4	165	2	80.88	afdb	2	1.0000	1	1.0000				0
AF-A0A136L183-F1-model_v4	165	2	80.88	esm	2	0.9263	0	0.9152	75.2	0.59	0.73439	0
AF-A0A0Q9JWB2-F1-model_v4	210	3	84.82	afdb	3	0.9171	0	0.9333				0
AF-A0A0Q9JWB2-F1-model_v4	210	3	84.82	esm	2	0.6238	0	0.9333	87.3	0.58	0.68418	0
AF-A0A1V2ABZ3-F1-model_v4	489	3	93.11	afdb	3	1.0000	1	1.0000				0
AF-A0A1V2ABZ3-F1-model_v4	489	3	93.11	esm	3	0.9140	0	0.8691	74.9	0.67	0.88199	0
AF-A0A822CYL8-F1-model_v4	452	2	73.95	afdb	2	1.0000	1	1.0000				0
AF-A0A822CYL8-F1-model_v4	452	2	73.95	esm	1	0.4952	0	0.6062	73.2	0.56	0.47426	0
AF-K1YMR3-F1-model_v4	166	2	96.19	afdb	2	1.0000	1	1.0000				0
AF-K1YMR3-F1-model_v4	166	2	96.19	esm	1	0.4924	0	0.8133	92.3	0.90	0.96865	0
AF-A0A4Q3HW72-F1-model_v4	73	1	79.60	afdb	1	1.0000	1	1.0000				0
AF-A0A4Q3HW72-F1-model_v4	73	1	79.60	esm	1	0.6182	0	0.7123	63.2	0.33	0.44382	0
AF-V4NDW9-F1-model_v4	217	1	89.21	afdb	1	1.0000	1	1.0000				0
AF-V4NDW9-F1-model_v4	217	1	89.21	esm	1	0.9515	0	0.9539	86.6	0.81	0.88771	0
AF-A0A454D3D0-F1-model_v4	227	3	93.63	afdb	3	1.0000	1	1.0000				0
AF-A0A454D3D0-F1-model_v4	227	3	93.63	esm	3	0.9731	0	0.9780	96.4	0.89	0.87185	0
AF-A0A811SIU4-F1-model_v4	753	5	71.28	afdb	5	1.0000	1	1.0000				0
AF-A0A811SIU4-F1-model_v4	753	5	71.28	esm	5	0.9015	0	0.9442	77.4	0.71	0.68964	0
AF-A0A150PC67-F1-model_v4	111	1	76.12	afdb	1	1.0000	1	1.0000				0
AF-A0A150PC67-F1-model_v4	111	1	76.12	esm	1	0.9625	0	0.9730	61.7	0.45	0.66078	0
AF-A0A0T9PNB3-F1-model_v4	255	2	76.40	afdb	2	1.0000	1	1.0000				0
AF-A0A0T9PNB3-F1-model_v4	255	2	76.40	esm	2	0.8782	0	0.8980	88.5	0.71	0.67506	0
AF-A0A4Z0BEJ8-F1-model_v4	256	1	88.58	afdb	1	1.0000	1	1.0000				0
AF-A0A4Z0BEJ8-F1-model_v4	256	1	88.58	esm	1	0.9951	0	0.9961	93.1	0.86	0.85764	0
AF-Q6N455-F1-model_v4	397	2	96.05	afdb	2	1.0000	1	1.0000				0
AF-Q6N455-F1-model_v4	397	2	96.05	esm	2	0.9944	0	0.9924	95.4	0.96	0.97989	0
AF-A0A3L6FSZ1-F1-model_v4	214	1	63.64	afdb	1	1.0000	1	1.0000				0
AF-A0A3L6FSZ1-F1-model_v4	214	1	63.64	esm	2	0.5678	0	0.6215	49.9	0.46	0.48293	0
AF-A0A842PGM7-F1-model_v4	238	1	66.20	afdb	1	1.0000	1	1.0000				0
AF-A0A842PGM7-F1-model_v4	238	1	66.20	esm	1	0.7937	0	0.9454	67.1	0.26	0.25079	0
AF-A0A1E1V5R2-F1-model_v4	93	1	97.64	afdb	1	1.0000	1	1.0000				0
AF-A0A1E1V5R2-F1-model_v4	93	1	97.64	esm	1	1.0000	1	1.0000	94.8	0.88	0.99122	0
AF-A0A7W1C837-F1-model_v4	262	1	91.04	afdb	1	1.0000	1	1.0000				0
AF-A0A7W1C837-F1-model_v4	262	1	91.04	esm	2	0.9744	0	0.7672	90.0	0.93	0.93883	0
AF-A0A2E9TML7-F1-model_v4	150	2	79.39	afdb	2	1.0000	1	1.0000				0
AF-A0A2E9TML7-F1-model_v4	150	2	79.39	esm	2	0.8922	0	0.9200	65.8	0.47	0.52132	0
AF-A0A7Y2YXX0-F1-model_v4	463	3	91.02	afdb	3	1.0000	1	1.0000				0
AF-A0A7Y2YXX0-F1-model_v4	463	3	91.02	esm	3	0.9882	0	0.9914	93.4	0.95	0.97465	0
AF-A0A7H0NP76-F1-model_v4	244	2	81.43	afdb	2	1.0000	1	1.0000				0
AF-A0A7H0NP76-F1-model_v4	244	2	81.43	esm	2	0.9651	0	0.9672	92.8	0.85	0.847	0
AF-A0A1M6UD93-F1-model_v4	76	1	72.46	afdb	1	1.0000	1	1.0000				0
AF-A0A1M6UD93-F1-model_v4	76	1	72.46	esm	2	0.5493	0	0.9342	53.2	0.24	0.37121	0
AF-A0A4V1AE51-F1-model_v4	971	2	60.10	afdb	2	1.0000	1	1.0000				0
AF-A0A4V1AE51-F1-model_v4	971	2	60.10	esm	2	0.9777	0	0.9928	72.5	0.53	0.53006	0
AF-A0A843I5F2-F1-model_v4	111	2	75.83	afdb	2	1.0000	1	1.0000				0
AF-A0A843I5F2-F1-model_v4	111	2	75.83	esm	2	0.8592	0	0.8559	65.2	0.34	0.44238	0
AF-Q7RCN9-F1-model_v4	650	1	37.03	afdb	1	1.0000	1	1.0000				0
AF-Q7RCN9-F1-model_v4	650	1	37.03	esm	1	0.3563	0	0.9138	33.1	0.15	0.18378	0
AF-A0A0E0EM23-F1-model_v4	632	2	59.08	afdb	2	1.0000	1	1.0000				0
AF-A0A0E0EM23-F1-model_v4	632	2	59.08	esm	2	0.9651	0	0.9747	64.2	0.44	0.46667	0
AF-A0A139CPU7-F1-model_v4	883	5	86.65	afdb	5	1.0000	1	1.0000				0
AF-A0A139CPU7-F1-model_v4	883	5	86.65	esm	5	0.9054	0	0.9015	92.6	0.62	0.73906	0
AF-A0A4S0GS29-F1-model_v4	338	1	54.81	afdb	1	1.0000	1	1.0000				0
AF-A0A4S0GS29-F1-model_v4	338	1	54.81	esm	1	0.8243	0	0.9615	63.5	0.21	0.22698	0
AF-A0A6M7XZM2-F1-model_v4	81	1	73.21	afdb	1	1.0000	1	1.0000				0
AF-A0A6M7XZM2-F1-model_v4	81	1	73.21	esm	1	0.9571	0	0.9630	53.3	0.32	0.36518	0
AF-A0A7C3WWI9-F1-model_v4	406	2	89.44	afdb	2	1.0000	1	1.0000				0
AF-A0A7C3WWI9-F1-model_v4	406	2	89.44	esm	2	0.9765	0	0.9852	88.9	0.94	0.91976	0
AF-A0A7V5N3P5-F1-model_v4	656	3	94.15	afdb	3	1.0000	1	1.0000				0
AF-A0A7V5N3P5-F1-model_v4	656	3	94.15	esm	3	0.9153	0	0.8902	83.0	0.88	0.95309	0
AF-A0A2N5TLT1-F1-model_v4	377	2	57.98	afdb	2	1.0000	1	1.0000				0
AF-A0A2N5TLT1-F1-model_v4	377	2	57.98	esm	2	0.9831	0	0.9894	73.6	0.40	0.37734	0
AF-A0A6G0UAT2-F1-model_v4	94	1	78.57	afdb	1	1.0000	1	1.0000				0
AF-A0A6G0UAT2-F1-model_v4	94	1	78.57	esm	1	0.5444	0	0.5638	31.0	0.15	0.29797	0
AF-A0A1M6WVF0-F1-model_v4	478	2	84.74	afdb	2	1.0000	1	1.0000				0
AF-A0A1M6WVF0-F1-model_v4	478	2	84.74	esm	3	0.9570	0	0.6757	88.5	0.86	0.86436	0
AF-A0A851EIC0-F1-model_v4	286	1	72.90	afdb	1	1.0000	1	1.0000				0
AF-A0A851EIC0-F1-model_v4	286	1	72.90	esm	1	0.8879	0	0.9161	73.8	0.72	0.74179	0
AF-Q0CMP1-F1-model_v4	488	2	56.11	afdb	2	1.0000	1	1.0000				0
AF-Q0CMP1-F1-model_v4	488	2	56.11	esm	2	0.8562	0	0.9570	55.6	0.22	0.22682	0
AF-I4YFF7-F1-model_v4	488	2	94.71	afdb	2	1.0000	1	1.0000				0
AF-I4YFF7-F1-model_v4	488	2	94.71	esm	2	0.9903	0	0.9939	93.2	0.90	0.97651	0
AF-M5XE36-F1-model_v4	516	1	93.26	afdb	1	1.0000	1	1.0000				0
AF-M5XE36-F1-model_v4	516	1	93.26	esm	2	0.9384	0	0.9845	95.2	0.97	0.9755	0
AF-A0A640UK65-F1-model_v4	311	2	88.37	afdb	2	1.0000	1	1.0000				0
AF-A0A640UK65-F1-model_v4	311	2	88.37	esm	2	0.9948	0	0.9936	91.9	0.88	0.97059	0
AF-A0A2N5ZUS3-F1-model_v4	59	1	69.74	afdb	1	1.0000	1	1.0000				0
AF-A0A2N5ZUS3-F1-model_v4	59	1	69.74	esm	1	0.9655	0	0.9661	71.5	0.49	0.71092	0
AF-A0A0Q4EE43-F1-model_v4	344	2	92.33	afdb	2	1.0000	1	1.0000				0
AF-A0A0Q4EE43-F1-model_v4	344	2	92.33	esm	2	0.9840	0	0.9855	93.4	0.90	0.88985	0
AF-A0A820BIT3-F1-model_v4	173	2	47.42	afdb	2	1.0000	1	1.0000				0
AF-A0A820BIT3-F1-model_v4	173	2	47.42	esm	2	0.1920	0	0.4624	35.2	0.17	0.29435	0
AF-A0A0M3MAG1-F1-model_v4	115	1	96.57	afdb	1	1.0000	1	1.0000				0
AF-A0A0M3MAG1-F1-model_v4	115	1	96.57	esm	1	0.9804	0	0.9826	88.9	0.82	0.92486	0
AF-A0A6G8AHQ3-F1-model_v4	103	1	88.67	afdb	1	1.0000	1	1.0000				0
AF-A0A6G8AHQ3-F1-model_v4	103	1	88.67	esm	1	0.8415	0	0.8738	80.9	0.75	0.89554	0
AF-A0A1M4YER6-F1-model_v4	422	1	88.19	afdb	1	1.0000	1	1.0000				0
AF-A0A1M4YER6-F1-model_v4	422	1	88.19	esm	1	0.9975	0	0.9976	89.2	0.94	0.97777	0
AF-A0A4P7B070-F1-model_v4	314	3	94.94	afdb	3	1.0000	1	1.0000				0
AF-A0A4P7B070-F1-model_v4	314	3	94.94	esm	3	0.9459	0	0.9395	92.7	0.92	0.9809	0
AF-A0A2D6JQS7-F1-model_v4	917	2	84.45	afdb	2	1.0000	1	1.0000				0
AF-A0A2D6JQS7-F1-model_v4	917	2	84.45	esm	4	0.9509	0	0.7732	70.9	0.70	0.83295	0
AF-A0A1F6DZ33-F1-model_v4	60	1	60.04	afdb	1	1.0000	1	1.0000				0
AF-A0A1F6DZ33-F1-model_v4	60	1	60.04	esm	1	0.2549	0	0.3667	68.6	0.33	0.65436	0
AF-A0A1I5A4V4-F1-model_v4	323	3	85.37	afdb	3	1.0000	1	1.0000				0
AF-A0A1I5A4V4-F1-model_v4	323	3	85.37	esm	3	0.9798	0	0.9876	92.1	0.89	0.94703	0
AF-W2F3P7-F1-model_v4	201	2	82.25	afdb	2	1.0000	1	1.0000				0
AF-W2F3P7-F1-model_v4	201	2	82.25	esm	2	0.8352	0	0.8507	78.6	0.79	0.80534	0
AF-C1LES2-F1-model_v4	492	1	67.45	afdb	1	1.0000	1	1.0000				0
AF-C1LES2-F1-model_v4	492	1	67.45	esm	3	0.3522	0	0.9126	60.1	0.63	0.67669	0
AF-A0A7S1FAB7-F1-model_v4	347	1	57.53	afdb	1	1.0000	1	1.0000				0
AF-A0A7S1FAB7-F1-model_v4	347	1	57.53	esm	0	0.0000	0	0.6110	58.4	0.35	0.39605	0
AF-A0A321LFD2-F1-model_v4	469	2	96.73	afdb	2	1.0000	1	1.0000				0
AF-A0A321LFD2-F1-model_v4	469	2	96.73	esm	2	0.9551	0	0.9659	93.4	0.96	0.98494	0
AF-A0A482WC76-F1-model_v4	81	1	64.54	afdb	1	1.0000	1	1.0000				0
AF-A0A482WC76-F1-model_v4	81	1	64.54	esm	2	0.6905	0	0.4568	57.9	0.26	0.3814	0
AF-A0A2E2VQX8-F1-model_v4	596	4	85.02	afdb	4	0.8954	0	0.9228				0
AF-A0A2E2VQX8-F1-model_v4	596	4	85.02	esm	4	0.9379	0	0.9463	91.0	0.75	0.74563	0
AF-A0A0C2IRJ1-F1-model_v4	111	1	75.11	afdb	1	1.0000	1	1.0000				0
AF-A0A0C2IRJ1-F1-model_v4	111	1	75.11	esm	1	0.7549	0	0.7748	69.9	0.60	0.80166	0
AF-S5ZIK7-F1-model_v4	394	2	98.31	afdb	2	1.0000	1	1.0000				0
AF-S5ZIK7-F1-model_v4	394	2	98.31	esm	2	1.0000	1	1.0000	90.9	0.94	0.97534	0
AF-A0A7L2HFK6-F1-model_v4	205	2	75.12	afdb	2	1.0000	1	1.0000				0
AF-A0A7L2HFK6-F1-model_v4	205	2	75.12	esm	2	0.8156	0	0.8634	79.2	0.58	0.49631	0
AF-E4U6L6-F1-model_v4	199	1	41.53	afdb	1	1.0000	1	1.0000				0
AF-E4U6L6-F1-model_v4	199	1	41.53	esm	1	0.0000	0	0.6281	85.0	0.43	0.45312	0
AF-A0A1W1IDS4-F1-model_v4	174	1	91.24	afdb	1	1.0000	1	1.0000				0
AF-A0A1W1IDS4-F1-model_v4	174	1	91.24	esm	1	0.9422	0	0.9425	80.9	0.82	0.93321	0
AF-A0A1E7KBI5-F1-model_v4	680	4	85.89	afdb	4	1.0000	1	1.0000				0
AF-A0A1E7KBI5-F1-model_v4	680	4	85.89	esm	4	0.9722	0	0.9809	93.0	0.85	0.71451	0
AF-A0A096BFV6-F1-model_v4	187	2	96.35	afdb	2	1.0000	1	1.0000				0
AF-A0A096BFV6-F1-model_v4	187	2	96.35	esm	2	0.9842	0	0.9893	91.6	0.89	0.9827	0
AF-A0A2T5LMW0-F1-model_v4	71	1	66.05	afdb	1	1.0000	1	1.0000				0
AF-A0A2T5LMW0-F1-model_v4	71	1	66.05	esm	1	0.9851	0	0.9859	48.6	0.25	0.4069	0
AF-D1A1F9-F1-model_v4	149	1	92.22	afdb	1	1.0000	1	1.0000				0
AF-D1A1F9-F1-model_v4	149	1	92.22	esm	1	0.9894	0	0.9933	73.2	0.66	0.89754	0
AF-A0A5B8UKZ6-F1-model_v4	413	1	92.59	afdb	1	1.0000	1	1.0000				0
AF-A0A5B8UKZ6-F1-model_v4	413	1	92.59	esm	1	0.9700	0	0.9709	94.8	0.97	0.99059	0
AF-A0A4Y3KS94-F1-model_v4	124	1	89.80	afdb	1	1.0000	1	1.0000				0
AF-A0A4Y3KS94-F1-model_v4	124	1	89.80	esm	1	1.0000	1	1.0000	80.6	0.76	0.9107	0
AF-A0A554RTL8-F1-model_v4	222	1	95.72	afdb	1	1.0000	1	1.0000				0
AF-A0A554RTL8-F1-model_v4	222	1	95.72	esm	1	0.9725	0	0.9730	92.9	0.94	0.9803	0
AF-A0A0S8JDF4-F1-model_v4	253	2	95.95	afdb	2	0.8861	0	0.8933				0
AF-A0A0S8JDF4-F1-model_v4	253	2	95.95	esm	2	0.8983	0	0.9051	95.7	0.96	0.97861	0
AF-A0A6L8RLG1-F1-model_v4	152	1	95.58	afdb	1	1.0000	1	1.0000				0
AF-A0A6L8RLG1-F1-model_v4	152	1	95.58	esm	1	0.9574	0	0.9605	90.5	0.90	0.9601	0
AF-A0A2U4Y0H0-F1-model_v4	219	1	97.50	afdb	1	1.0000	1	1.0000				0
AF-A0A2U4Y0H0-F1-model_v4	219	1	97.50	esm	1	1.0000	1	1.0000	98.5	0.97	0.99132	0
AF-A0A2B8BAY0-F1-model_v4	223	1	90.22	afdb	1	1.0000	1	1.0000				0
AF-A0A2B8BAY0-F1-model_v4	223	1	90.22	esm	1	0.9482	0	0.9552	88.5	0.89	0.88497	0
AF-A0A0A7KEU4-F1-model_v4	134	1	90.01	afdb	1	1.0000	1	1.0000				0
AF-A0A0A7KEU4-F1-model_v4	134	1	90.01	esm	1	0.9697	0	0.9701	79.9	0.79	0.94629	0
AF-A0A6B3QFP3-F1-model_v4	148	1	92.19	afdb	1	1.0000	1	1.0000				0
AF-A0A6B3QFP3-F1-model_v4	148	1	92.19	esm	1	0.9930	0	0.9932	78.5	0.76	0.87865	0
AF-T0KWG7-F1-model_v4	991	3	79.19	afdb	3	1.0000	1	1.0000				0
AF-T0KWG7-F1-model_v4	991	3	79.19	esm	3	0.9804	0	0.9849	79.1	0.83	0.88005	0
AF-A0A1D1XQM2-F1-model_v4	630	2	74.37	afdb	2	1.0000	1	1.0000				0
AF-A0A1D1XQM2-F1-model_v4	630	2	74.37	esm	2	0.9648	0	0.9825	81.3	0.64	0.62903	0
AF-A0A3P8YG40-F1-model_v4	403	2	83.31	afdb	2	1.0000	1	1.0000				0
AF-A0A3P8YG40-F1-model_v4	403	2	83.31	esm	2	0.9166	0	0.9752	91.2	0.79	0.76091	0
AF-A0A1D8CZE8-F1-model_v4	219	1	97.49	afdb	1	1.0000	1	1.0000				0
AF-A0A1D8CZE8-F1-model_v4	219	1	97.49	esm	1	1.0000	1	1.0000	98.1	0.97	0.99019	0
AF-A0A2N6T0F9-F1-model_v4	83	1	58.23	afdb	1	1.0000	1	1.0000				0
AF-A0A2N6T0F9-F1-model_v4	83	1	58.23	esm	1	0.4756	0	0.4819	53.1	0.27	0.32682	0
AF-A0A8B6D1G4-F1-model_v4	269	2	89.22	afdb	2	1.0000	1	1.0000				0
AF-A0A8B6D1G4-F1-model_v4	269	2	89.22	esm	2	0.8387	0	0.8476	96.6	0.94	0.94701	0
AF-A0A6C1S3N0-F1-model_v4	121	1	72.09	afdb	1	1.0000	1	1.0000				0
AF-A0A6C1S3N0-F1-model_v4	121	1	72.09	esm	1	0.9577	0	0.9752	68.1	0.52	0.64398	0
AF-A0A1I5VFZ6-F1-model_v4	95	1	77.75	afdb	1	1.0000	1	1.0000				0
AF-A0A1I5VFZ6-F1-model_v4	95	1	77.75	esm	1	0.4932	0	0.6105	80.0	0.75	0.86011	0
AF-A0A117NRQ3-F1-model_v4	530	1	62.39	afdb	1	1.0000	1	1.0000				0
AF-A0A117NRQ3-F1-model_v4	530	1	62.39	esm	2	1.0000	0	0.9151	61.2	0.23	0.24479	0
AF-M5FE95-F1-model_v4	229	2	85.77	afdb	2	1.0000	1	1.0000				0
AF-M5FE95-F1-model_v4	229	2	85.77	esm	2	0.9299	0	0.9563	94.4	0.89	0.86731	0
AF-A0A147HZJ2-F1-model_v4	186	1	71.86	afdb	1	1.0000	1	1.0000				0
AF-A0A147HZJ2-F1-model_v4	186	1	71.86	esm	1	0.9762	0	0.9946	66.1	0.22	0.27871	0
AF-A0A4R2KDB4-F1-model_v4	449	3	94.99	afdb	3	1.0000	1	1.0000				0
AF-A0A4R2KDB4-F1-model_v4	449	3	94.99	esm	3	0.9071	0	0.9465	95.3	0.95	0.96665	0
AF-A0A4Q0PAJ8-F1-model_v4	371	2	93.52	afdb	2	1.0000	1	1.0000				0
AF-A0A4Q0PAJ8-F1-model_v4	371	2	93.52	esm	2	0.9938	0	0.9919	97.1	0.97	0.99532	0
AF-A0A6M7UFV7-F1-model_v4	117	1	94.26	afdb	1	1.0000	1	1.0000				0
AF-A0A6M7UFV7-F1-model_v4	117	1	94.26	esm	1	0.4505	0	0.4786	89.3	0.82	0.95052	0
AF-A0A6A8HVJ3-F1-model_v4	217	1	92.07	afdb	1	1.0000	1	1.0000				0
AF-A0A6A8HVJ3-F1-model_v4	217	1	92.07	esm	1	1.0000	1	1.0000	96.5	0.95	0.99191	0
AF-A0A537IW03-F1-model_v4	218	1	96.60	afdb	1	1.0000	1	1.0000				0
AF-A0A537IW03-F1-model_v4	218	1	96.60	esm	1	1.0000	1	1.0000	96.6	0.96	0.97739	0
AF-A0A0B5HFW1-F1-model_v4	172	2	77.99	afdb	2	1.0000	1	1.0000				0
AF-A0A0B5HFW1-F1-model_v4	172	2	77.99	esm	2	0.9361	0	0.9651	71.0	0.57	0.72201	0
AF-A0A0D3N9S4-F1-model_v4	138	1	86.31	afdb	1	1.0000	1	1.0000				0
AF-A0A0D3N9S4-F1-model_v4	138	1	86.31	esm	1	0.9397	0	0.9493	80.3	0.80	0.90723	0
AF-A0A7H8M0R4-F1-model_v4	199	1	93.40	afdb	1	1.0000	1	1.0000				0
AF-A0A7H8M0R4-F1-model_v4	199	1	93.40	esm	1	0.9949	0	0.9950	92.3	0.93	0.97299	0
AF-F3AZR4-F1-model_v4	510	3	86.05	afdb	3	1.0000	1	1.0000				0
AF-F3AZR4-F1-model_v4	510	3	86.05	esm	3	0.8794	0	0.8627	95.5	0.89	0.97735	0
AF-A0A6A5KJH9-F1-model_v4	259	2	94.68	afdb	2	1.0000	1	1.0000				0
AF-A0A6A5KJH9-F1-model_v4	259	2	94.68	esm	2	1.0000	1	1.0000	92.7	0.93	0.94777	0
AF-A0A0F9HYX4-F1-model_v4	78	2	52.91	afdb	2	1.0000	1	1.0000				0
AF-A0A0F9HYX4-F1-model_v4	78	2	52.91	esm	1	0.4862	0	0.9615	54.7	0.29	0.5756	0
AF-A0A090T0D0-F1-model_v4	240	1	81.41	afdb	1	1.0000	1	1.0000				0
AF-A0A090T0D0-F1-model_v4	240	1	81.41	esm	1	0.9371	0	0.9542	92.7	0.92	0.90345	0
AF-A0A6B3EST9-F1-model_v4	68	1	76.08	afdb	1	1.0000	1	1.0000				0
AF-A0A6B3EST9-F1-model_v4	68	1	76.08	esm	1	0.7188	0	0.7353	92.4	0.81	0.80396	0
AF-A0A315SW88-F1-model_v4	339	2	95.84	afdb	2	1.0000	1	1.0000				0
AF-A0A315SW88-F1-model_v4	339	2	95.84	esm	2	0.9130	0	0.9292	94.7	0.93	0.99555	0
AF-A0A1Y5GLH8-F1-model_v4	639	2	84.45	afdb	2	1.0000	1	1.0000				0
AF-A0A1Y5GLH8-F1-model_v4	639	2	84.45	esm	2	0.9788	0	0.9875	90.5	0.91	0.90528	0
AF-A0A6J4E9M4-F1-model_v4	294	3	88.67	afdb	3	1.0000	1	1.0000				0
AF-A0A6J4E9M4-F1-model_v4	294	3	88.67	esm	3	0.8473	0	0.8571	89.4	0.68	0.6337	0
AF-A0A2G4IWQ0-F1-model_v4	456	2	86.73	afdb	2	1.0000	1	1.0000				0
AF-A0A2G4IWQ0-F1-model_v4	456	2	86.73	esm	1	0.0039	0	0.6075	91.2	0.90	0.62681	0
AF-A0A5C3P064-F1-model_v4	190	1	32.31	afdb	1	1.0000	1	1.0000				0
AF-A0A5C3P064-F1-model_v4	190	1	32.31	esm	1	0.6639	0	0.7895	31.0	0.12	0.27811	0
AF-A0A7W7Z0U7-F1-model_v4	418	3	88.98	afdb	3	1.0000	1	1.0000				0
AF-A0A7W7Z0U7-F1-model_v4	418	3	88.98	esm	3	0.9955	0	0.9928	93.4	0.87	0.86661	0
AF-A0A1I0V129-F1-model_v4	187	2	90.96	afdb	2	1.0000	1	1.0000				0
AF-A0A1I0V129-F1-model_v4	187	2	90.96	esm	2	0.9192	0	0.9519	84.2	0.74	0.80956	0
AF-A0A5B0ANM8-F1-model_v4	831	4	93.07	afdb	4	1.0000	1	1.0000				0
AF-A0A5B0ANM8-F1-model_v4	831	4	93.07	esm	4	0.9191	0	0.9158	87.3	0.84	0.86297	0
AF-A0A1V4BUG4-F1-model_v4	62	1	66.46	afdb	1	1.0000	1	1.0000				0
AF-A0A1V4BUG4-F1-model_v4	62	1	66.46	esm	1	0.5082	0	0.5161	60.7	0.35	0.61528	0
AF-G4Z6Y1-F1-model_v4	222	1	86.95	afdb	1	1.0000	1	1.0000				0
AF-G4Z6Y1-F1-model_v4	222	1	86.95	esm	1	0.9888	0	0.9910	88.5	0.87	0.89257	0
AF-A0A840BN61-F1-model_v4	272	1	88.60	afdb	1	1.0000	1	1.0000				0
AF-A0A840BN61-F1-model_v4	272	1	88.60	esm	1	0.8596	0	0.8787	96.9	0.96	0.96994	0
AF-A0A836KRQ1-F1-model_v4	719	1	72.53	afdb	1	1.0000	1	1.0000				0
AF-A0A836KRQ1-F1-model_v4	719	1	72.53	esm	3	1.0000	0	0.4478	71.2	0.75	0.80694	0
AF-A0A0N4UGS7-F1-model_v4	262	2	88.37	afdb	2	0.9932	0	0.9962				0
AF-A0A0N4UGS7-F1-model_v4	262	2	88.37	esm	2	0.9967	0	0.9962	88.2	0.89	0.94842	0
AF-A0A6J3YSD3-F1-model_v4	295	1	92.87	afdb	1	1.0000	1	1.0000				0
AF-A0A6J3YSD3-F1-model_v4	295	1	92.87	esm	2	1.0000	0	0.7424	91.0	0.91	0.9177	0
AF-A0A2U1B6I2-F1-model_v4	255	1	88.72	afdb	1	1.0000	1	1.0000				0
AF-A0A2U1B6I2-F1-model_v4	255	1	88.72	esm	1	0.9086	0	0.9333	94.7	0.93	0.93843	0
AF-A0A0A8EQ00-F1-model_v4	462	1	70.65	afdb	1	1.0000	1	1.0000				0
AF-A0A0A8EQ00-F1-model_v4	462	1	70.65	esm	1	0.8441	0	0.9113	77.6	0.65	0.67919	0
AF-E6WZL3-F1-model_v4	471	3	95.15	afdb	3	1.0000	1	1.0000				0
AF-E6WZL3-F1-model_v4	471	3	95.15	esm	3	0.9917	0	0.9915	96.6	0.97	0.9909	0
AF-A0A5B1BUM6-F1-model_v4	280	1	87.06	afdb	1	1.0000	1	1.0000				0
AF-A0A5B1BUM6-F1-model_v4	280	1	87.06	esm	1	0.9671	0	0.9750	93.4	0.93	0.98046	0
AF-A0A396GH09-F1-model_v4	391	2	71.61	afdb	2	1.0000	1	1.0000				0
AF-A0A396GH09-F1-model_v4	391	2	71.61	esm	1	0.4494	0	0.9309	75.1	0.70	0.70479	0
AF-A0A1D3JQW4-F1-model_v4	123	1	55.99	afdb	1	1.0000	1	1.0000				0
AF-A0A1D3JQW4-F1-model_v4	123	1	55.99	esm	0	0.0000	0	0.5854	38.1	0.10	0.30982	0
AF-A0A2V7WHB6-F1-model_v4	427	2	73.89	afdb	2	1.0000	1	1.0000				0
AF-A0A2V7WHB6-F1-model_v4	427	2	73.89	esm	2	0.9841	0	0.9883	82.0	0.49	0.6156	0
AF-A0A2G3K5M2-F1-model_v4	230	3	86.65	afdb	3	1.0000	1	1.0000				0
AF-A0A2G3K5M2-F1-model_v4	230	3	86.65	esm	3	0.9799	0	0.9826	89.6	0.43	0.53035	0
AF-A0A5N5HTQ6-F1-model_v4	332	1	70.22	afdb	1	1.0000	1	1.0000				0
AF-A0A5N5HTQ6-F1-model_v4	332	1	70.22	esm	1	0.6619	0	0.7861	77.0	0.71	0.73647	0
AF-A0A0B2QNL9-F1-model_v4	415	1	88.96	afdb	1	1.0000	1	1.0000				0
AF-A0A0B2QNL9-F1-model_v4	415	1	88.96	esm	1	0.9970	0	0.9976	86.2	0.84	0.83764	0
AF-A0A7X8MFW6-F1-model_v4	237	1	92.95	afdb	1	1.0000	1	1.0000				0
AF-A0A7X8MFW6-F1-model_v4	237	1	92.95	esm	1	0.9860	0	0.9873	96.2	0.94	0.94592	0
AF-A0A5M6C9I5-F1-model_v4	228	1	75.66	afdb	1	1.0000	1	1.0000				0
AF-A0A5M6C9I5-F1-model_v4	228	1	75.66	esm	1	0.9778	0	0.9781	87.5	0.90	0.78076	0
AF-A0A1X9IRX0-F1-model_v4	227	1	85.59	afdb	1	1.0000	1	1.0000				0
AF-A0A1X9IRX0-F1-model_v4	227	1	85.59	esm	1	0.7269	0	0.7401	90.5	0.90	0.89928	0
AF-K2FR07-F1-model_v4	140	1	94.28	afdb	1	1.0000	1	1.0000				0
AF-K2FR07-F1-model_v4	140	1	94.28	esm	1	0.7895	0	0.8571	59.6	0.46	0.54499	0
AF-A0A3D5JYP9-F1-model_v4	208	1	87.90	afdb	1	1.0000	1	1.0000				0
AF-A0A3D5JYP9-F1-model_v4	208	1	87.90	esm	2	0.7426	0	0.5481	80.0	0.68	0.80355	0
AF-A0A1I7IBT8-F1-model_v4	661	2	82.69	afdb	2	1.0000	1	1.0000				0
AF-A0A1I7IBT8-F1-model_v4	661	2	82.69	esm	2	0.8956	0	0.9425	92.2	0.93	0.89047	0
AF-A0A413WG58-F1-model_v4	234	1	92.41	afdb	1	1.0000	1	1.0000				0
AF-A0A413WG58-F1-model_v4	234	1	92.41	esm	1	0.9518	0	0.9530	95.0	0.94	0.9361	0
AF-A0A7L4I1Z7-F1-model_v4	211	1	91.48	afdb	1	1.0000	1	1.0000				0
AF-A0A7L4I1Z7-F1-model_v4	211	1	91.48	esm	1	1.0000	1	1.0000	87.7	0.85	0.87842	0
AF-A0A7X0EUC6-F1-model_v4	239	2	89.48	afdb	2	1.0000	1	1.0000				0
AF-A0A7X0EUC6-F1-model_v4	239	2	89.48	esm	2	0.9806	0	0.9833	90.8	0.87	0.90855	0
AF-A0A258RUT1-F1-model_v4	348	1	87.21	afdb	1	1.0000	1	1.0000				0
AF-A0A258RUT1-F1-model_v4	348	1	87.21	esm	1	0.9774	0	0.9828	95.7	0.96	0.99085	0
AF-A0A2K5IEN6-F1-model_v4	122	1	60.07	afdb	1	1.0000	1	1.0000				0
AF-A0A2K5IEN6-F1-model_v4	122	1	60.07	esm	2	0.8649	0	0.5738	76.7	0.43	0.39267	0
AF-D7A1D8-F1-model_v4	137	1	89.63	afdb	1	1.0000	1	1.0000				0
AF-D7A1D8-F1-model_v4	137	1	89.63	esm	1	0.8226	0	0.8394	55.1	0.38	0.52954	0
AF-X0AXE3-F1-model_v4	515	2	64.58	afdb	2	1.0000	1	1.0000				0
AF-X0AXE3-F1-model_v4	515	2	64.58	esm	3	0.8386	0	0.9126	64.1	0.33	0.35648	0
AF-A0A091XC84-F1-model_v4	55	1	73.30	afdb	1	1.0000	1	1.0000				0
AF-A0A091XC84-F1-model_v4	55	1	73.30	esm	1	0.8039	0	0.8182	81.1	0.58	0.40781	0
AF-A0A2T3XPA9-F1-model_v4	226	1	91.66	afdb	1	1.0000	1	1.0000				0
AF-A0A2T3XPA9-F1-model_v4	226	1	91.66	esm	1	0.6404	0	0.6770	87.6	0.89	0.87747	0
AF-R8WKI3-F1-model_v4	162	2	86.17	afdb	2	1.0000	1	1.0000				0
AF-R8WKI3-F1-model_v4	162	2	86.17	esm	2	0.9794	0	0.9815	79.7	0.46	0.6296	0
AF-A0A1H7ADK2-F1-model_v4	156	1	93.80	afdb	1	1.0000	1	1.0000				0
AF-A0A1H7ADK2-F1-model_v4	156	1	93.80	esm	1	0.9274	0	0.9423	91.0	0.88	0.95494	0
AF-A0A0H2Y2M4-F1-model_v4	464	2	96.09	afdb	2	0.9964	0	0.9978				0
AF-A0A0H2Y2M4-F1-model_v4	464	2	96.09	esm	2	0.9757	0	0.9849	90.4	0.92	0.99018	0
AF-A0A2X2URU3-F1-model_v4	416	2	89.86	afdb	2	1.0000	1	1.0000				0
AF-A0A2X2URU3-F1-model_v4	416	2	89.86	esm	2	0.9837	0	0.9904	92.0	0.91	0.97892	0
AF-A0A388KLQ2-F1-model_v4	257	1	71.90	afdb	1	1.0000	1	1.0000				0
AF-A0A388KLQ2-F1-model_v4	257	1	71.90	esm	2	0.8171	0	0.6381	68.9	0.37	0.42399	0
AF-A0A7U3UQR1-F1-model_v4	429	2	91.37	afdb	2	1.0000	1	1.0000				0
AF-A0A7U3UQR1-F1-model_v4	429	2	91.37	esm	2	0.9842	0	0.9860	81.9	0.80	0.85862	0
AF-B8DQ52-F1-model_v4	629	2	82.18	afdb	2	1.0000	1	1.0000				0
AF-B8DQ52-F1-model_v4	629	2	82.18	esm	3	0.7521	0	0.6868	89.0	0.87	0.84639	0
AF-A0A2V9PFL2-F1-model_v4	372	3	80.56	afdb	3	1.0000	1	1.0000				0
AF-A0A2V9PFL2-F1-model_v4	372	3	80.56	esm	2	0.6351	0	0.6559	75.0	0.74	0.77815	0
AF-A0A515D395-F1-model_v4	270	2	90.37	afdb	2	1.0000	1	1.0000				0
AF-A0A515D395-F1-model_v4	270	2	90.37	esm	2	1.0000	1	1.0000	95.2	0.96	0.96181	0
AF-A0A1I4EP76-F1-model_v4	135	1	77.29	afdb	1	1.0000	1	1.0000				0
AF-A0A1I4EP76-F1-model_v4	135	1	77.29	esm	1	0.7463	0	0.7481	50.8	0.48	0.60426	0
AF-A0A1A6C637-F1-model_v4	98	1	89.67	afdb	1	1.0000	1	1.0000				0
AF-A0A1A6C637-F1-model_v4	98	1	89.67	esm	1	1.0000	1	1.0000	74.8	0.63	0.93591	0
AF-A0A2T0MGY2-F1-model_v4	449	4	84.09	afdb	4	1.0000	1	1.0000				0
AF-A0A2T0MGY2-F1-model_v4	449	4	84.09	esm	4	0.9500	0	0.9555	86.0	0.52	0.58962	0
AF-A0A1M4YQ65-F1-model_v4	310	2	96.72	afdb	2	1.0000	1	1.0000				0
AF-A0A1M4YQ65-F1-model_v4	310	2	96.72	esm	2	0.9973	0	0.9968	95.0	0.82	0.97175	0
AF-A1CN69-F1-model_v4	252	2	83.71	afdb	2	1.0000	1	1.0000				0
AF-A1CN69-F1-model_v4	252	2	83.71	esm	2	0.9501	0	0.9563	93.6	0.90	0.88012	0
AF-A0A7S2QGL1-F1-model_v4	103	1	90.49	afdb	1	1.0000	1	1.0000				0
AF-A0A7S2QGL1-F1-model_v4	103	1	90.49	esm	1	0.8061	0	0.8155	71.2	0.63	0.83851	0
AF-A1SEB4-F1-model_v4	89	1	54.88	afdb	0	0.0000	0	0.1685				0
AF-A1SEB4-F1-model_v4	89	1	54.88	esm	0	0.0000	0	0.1685	36.4	0.11	0.35006	0
AF-F9T9R6-F1-model_v4	259	2	96.09	afdb	2	1.0000	1	1.0000				0
AF-F9T9R6-F1-model_v4	259	2	96.09	esm	2	0.9734	0	0.9846	90.7	0.93	0.98597	0
AF-A0A524N2J7-F1-model_v4	247	1	86.20	afdb	1	1.0000	1	1.0000				0
AF-A0A524N2J7-F1-model_v4	247	1	86.20	esm	1	0.9887	0	0.9919	87.2	0.79	0.781	0
AF-A0A7K4UT26-F1-model_v4	313	2	80.20	afdb	2	1.0000	1	1.0000				0
AF-A0A7K4UT26-F1-model_v4	313	2	80.20	esm	2	0.9527	0	0.9681	84.7	0.81	0.68541	0
AF-A0A833VQ77-F1-model_v4	165	1	78.30	afdb	1	1.0000	1	1.0000				0
AF-A0A833VQ77-F1-model_v4	165	1	78.30	esm	1	0.9747	0	0.9758	82.2	0.77	0.96375	0
AF-A0A0M8SXT8-F1-model_v4	280	1	91.87	afdb	1	1.0000	1	1.0000				0
AF-A0A0M8SXT8-F1-model_v4	280	1	91.87	esm	3	0.5000	0	0.9250	64.5	0.64	0.7101	0
AF-A0A353KSU5-F1-model_v4	195	1	82.61	afdb	1	1.0000	1	1.0000				0
AF-A0A353KSU5-F1-model_v4	195	1	82.61	esm	1	1.0000	1	1.0000	91.9	0.87	0.87924	0
AF-A0A1Y1XL65-F1-model_v4	196	1	70.20	afdb	1	1.0000	1	1.0000				0
AF-A0A1Y1XL65-F1-model_v4	196	1	70.20	esm	2	0.4521	0	0.7959	83.0	0.50	0.57337	0
AF-A0A7K7JQH7-F1-model_v4	153	2	87.26	afdb	2	1.0000	1	1.0000				0
AF-A0A7K7JQH7-F1-model_v4	153	2	87.26	esm	2	0.9697	0	0.9869	72.4	0.52	0.84953	0
AF-A0A3D0TGS0-F1-model_v4	68	1	82.30	afdb	0	0.0000	0	0.2794				0
AF-A0A3D0TGS0-F1-model_v4	68	1	82.30	esm	1	0.6774	0	0.7059	71.6	0.46	0.47032	0
AF-A0A6N9YRQ9-F1-model_v4	622	4	89.52	afdb	4	1.0000	1	1.0000				0
AF-A0A6N9YRQ9-F1-model_v4	622	4	89.52	esm	4	0.9551	0	0.9341	87.4	0.49	0.50039	0
AF-A0A1S2LPS3-F1-model_v4	90	2	67.63	afdb	2	1.0000	1	1.0000				0
AF-A0A1S2LPS3-F1-model_v4	90	2	67.63	esm	2	0.9712	0	0.9667	85.0	0.64	0.56878	0
AF-A0A1V3MTQ1-F1-model_v4	290	1	94.28	afdb	1	1.0000	1	1.0000				0
AF-A0A1V3MTQ1-F1-model_v4	290	1	94.28	esm	1	1.0000	1	1.0000	91.3	0.93	0.94355	0
AF-A0A848KY74-F1-model_v4	383	3	96.07	afdb	3	1.0000	1	1.0000				0
AF-A0A848KY74-F1-model_v4	383	3	96.07	esm	3	0.9946	0	0.9948	93.2	0.95	0.96666	0
AF-A0A519HBC0-F1-model_v4	53	1	66.95	afdb	1	1.0000	1	1.0000				0
AF-A0A519HBC0-F1-model_v4	53	1	66.95	esm	1	0.7885	0	0.7925	79.5	0.49	0.73763	0
AF-A0A1C3U4Q9-F1-model_v4	440	1	94.23	afdb	1	1.0000	1	1.0000				0
AF-A0A1C3U4Q9-F1-model_v4	440	1	94.23	esm	2	0.7500	0	0.5045	91.7	0.96	0.97215	0
AF-A0A355UI37-F1-model_v4	112	2	83.04	afdb	2	1.0000	1	1.0000				0
AF-A0A355UI37-F1-model_v4	112	2	83.04	esm	2	0.9390	0	0.9375	74.1	0.68	0.85626	0
AF-A0A654DRR0-F1-model_v4	151	1	75.86	afdb	1	1.0000	1	1.0000				0
AF-A0A654DRR0-F1-model_v4	151	1	75.86	esm	1	0.9432	0	0.9669	62.5	0.56	0.78715	0
AF-A0A3M4U2B3-F1-model_v4	848	1	85.27	afdb	1	1.0000	1	1.0000				0
AF-A0A3M4U2B3-F1-model_v4	848	1	85.27	esm	1	0.9987	0	0.9988	82.8	0.90	0.89242	0
AF-A0A4R8PM68-F1-model_v4	498	3	77.49	afdb	3	1.0000	1	1.0000				0
AF-A0A4R8PM68-F1-model_v4	498	3	77.49	esm	2	0.5970	0	0.8655	82.8	0.56	0.47574	0
AF-A0A7Y9S425-F1-model_v4	182	2	86.36	afdb	2	1.0000	1	1.0000				0
AF-A0A7Y9S425-F1-model_v4	182	2	86.36	esm	1	0.4919	0	0.5934	89.0	0.82	0.8275	0
AF-A0A2D6HUZ7-F1-model_v4	79	1	79.72	afdb	1	1.0000	1	1.0000				0
AF-A0A2D6HUZ7-F1-model_v4	79	1	79.72	esm	1	0.9216	0	0.9494	70.7	0.58	0.71574	0
AF-A0A7S1HNL3-F1-model_v4	352	1	83.03	afdb	1	1.0000	1	1.0000				0
AF-A0A7S1HNL3-F1-model_v4	352	1	83.03	esm	1	0.7321	0	0.7557	79.3	0.81	0.87359	0
AF-A0A432K568-F1-model_v4	332	2	97.36	afdb	2	1.0000	1	1.0000				0
AF-A0A432K568-F1-model_v4	332	2	97.36	esm	2	0.9971	0	0.9970	93.5	0.94	0.99447	0
AF-A0A7S6Z263-F1-model_v4	131	1	42.58	afdb	1	1.0000	1	1.0000				0
AF-A0A7S6Z263-F1-model_v4	131	1	42.58	esm	1	0.9074	0	0.9237	37.9	0.22	0.32599	0
AF-A0A4X2L072-F1-model_v4	755	3	79.95	afdb	3	1.0000	1	1.0000				0
AF-A0A4X2L072-F1-model_v4	755	3	79.95	esm	4	0.9655	0	0.9232	82.7	0.54	0.55514	0
AF-A0A165CBS4-F1-model_v4	259	2	89.96	afdb	2	1.0000	1	1.0000				0
AF-A0A165CBS4-F1-model_v4	259	2	89.96	esm	2	1.0000	1	1.0000	94.8	0.88	0.73973	0
AF-A0A371MLF4-F1-model_v4	100	1	83.69	afdb	1	1.0000	1	1.0000				0
AF-A0A371MLF4-F1-model_v4	100	1	83.69	esm	1	0.8889	0	0.9100	75.9	0.63	0.68209	0
AF-A0A815QIH6-F1-model_v4	344	3	70.02	afdb	3	1.0000	1	1.0000				0
AF-A0A815QIH6-F1-model_v4	344	3	70.02	esm	3	0.9416	0	0.9448	74.6	0.65	0.82455	0
AF-A0A6H3FAS2-F1-model_v4	273	1	84.03	afdb	1	1.0000	1	1.0000				0
AF-A0A6H3FAS2-F1-model_v4	273	1	84.03	esm	1	0.9188	0	0.9194	95.2	0.95	0.95206	0
AF-A0A838B0E9-F1-model_v4	335	2	89.65	afdb	2	1.0000	1	1.0000				0
AF-A0A838B0E9-F1-model_v4	335	2	89.65	esm	2	0.9898	0	0.9940	94.0	0.92	0.91083	0
AF-A0A7T5CKH9-F1-model_v4	324	1	71.56	afdb	1	1.0000	1	1.0000				0
AF-A0A7T5CKH9-F1-model_v4	324	1	71.56	esm	1	0.7638	0	0.7747	54.9	0.62	0.59083	0
AF-A0A377R264-F1-model_v4	385	2	91.03	afdb	2	1.0000	1	1.0000				0
AF-A0A377R264-F1-model_v4	385	2	91.03	esm	2	1.0000	1	1.0000	93.9	0.93	0.94996	0
AF-A0A3P8ZCT7-F1-model_v4	210	2	83.75	afdb	2	0.8692	0	0.9190				0
AF-A0A3P8ZCT7-F1-model_v4	210	2	83.75	esm	2	0.8918	0	0.9238	84.3	0.61	0.66993	0
AF-A0A1F0XXS9-F1-model_v4	146	1	94.49	afdb	1	1.0000	1	1.0000				0
AF-A0A1F0XXS9-F1-model_v4	146	1	94.49	esm	1	0.9407	0	0.9452	85.3	0.85	0.94937	0
AF-G1V957-F1-model_v4	389	1	93.56	afdb	1	1.0000	1	1.0000				0
AF-G1V957-F1-model_v4	389	1	93.56	esm	1	1.0000	1	1.0000	93.1	0.95	0.96284	0
AF-J4K8B1-F1-model_v4	392	2	90.20	afdb	2	1.0000	1	1.0000				0
AF-J4K8B1-F1-model_v4	392	2	90.20	esm	2	0.9571	0	0.9592	96.2	0.96	0.74488	0
AF-A0A752ZYP4-F1-model_v4	122	1	95.26	afdb	1	1.0000	1	1.0000				0
AF-A0A752ZYP4-F1-model_v4	122	1	95.26	esm	1	0.9231	0	0.9262	53.6	0.53	0.67163	0
AF-A0A072P2J9-F1-model_v4	716	2	90.25	afdb	2	1.0000	1	1.0000				0
AF-A0A072P2J9-F1-model_v4	716	2	90.25	esm	2	0.8372	0	0.9134	88.5	0.91	0.93975	0
AF-A0A6J1LGK2-F1-model_v4	383	2	88.05	afdb	2	1.0000	1	1.0000				0
AF-A0A6J1LGK2-F1-model_v4	383	2	88.05	esm	2	0.9678	0	0.9713	88.2	0.86	0.85404	0
AF-A0A3E3IC47-F1-model_v4	235	2	87.99	afdb	2	1.0000	1	1.0000				0
AF-A0A3E3IC47-F1-model_v4	235	2	87.99	esm	2	0.9365	0	0.9489	76.2	0.77	0.84553	0
AF-Q8VV18-F1-model_v4	346	2	70.33	afdb	2	1.0000	1	1.0000				0
AF-Q8VV18-F1-model_v4	346	2	70.33	esm	2	0.7734	0	0.7630	55.1	0.46	0.50535	0
AF-L2GWL3-F1-model_v4	213	1	91.40	afdb	1	1.0000	1	1.0000				0
AF-L2GWL3-F1-model_v4	213	1	91.40	esm	1	0.9880	0	0.9906	92.5	0.94	0.98171	0
AF-A0A2X0N282-F1-model_v4	473	2	68.11	afdb	2	1.0000	1	1.0000				0
AF-A0A2X0N282-F1-model_v4	473	2	68.11	esm	2	0.9398	0	0.9852	80.4	0.30	0.35328	0
AF-Q4WUU4-F1-model_v4	83	1	50.15	afdb	1	1.0000	1	1.0000				0
AF-Q4WUU4-F1-model_v4	83	1	50.15	esm	1	0.9872	0	0.9880	42.0	0.24	0.80602	0
AF-A0A851IMG0-F1-model_v4	248	2	92.15	afdb	2	1.0000	1	1.0000				0
AF-A0A851IMG0-F1-model_v4	248	2	92.15	esm	2	0.8760	0	0.9194	95.1	0.92	0.96559	0
AF-A0A4R7ZIS5-F1-model_v4	299	1	90.43	afdb	1	1.0000	1	1.0000				0
AF-A0A4R7ZIS5-F1-model_v4	299	1	90.43	esm	1	0.9964	0	0.9967	93.2	0.93	0.86602	0
AF-A0A3B3YJD7-F1-model_v4	678	3	51.96	afdb	3	1.0000	1	1.0000				0
AF-A0A3B3YJD7-F1-model_v4	678	3	51.96	esm	4	0.8799	0	0.9277	58.6	0.20	0.20799	0
AF-A0A0F3LET3-F1-model_v4	470	3	96.11	afdb	3	1.0000	1	1.0000				0
AF-A0A0F3LET3-F1-model_v4	470	3	96.11	esm	4	0.9637	0	0.7894	97.3	0.97	0.99585	0
AF-A0A6G0ABT2-F1-model_v4	51	1	95.22	afdb	1	1.0000	1	1.0000				0
AF-A0A6G0ABT2-F1-model_v4	51	1	95.22	esm	1	0.8400	0	0.8431	84.7	0.43	0.68904	0
AF-A0A194PWP3-F1-model_v4	199	1	64.84	afdb	1	1.0000	1	1.0000				0
AF-A0A194PWP3-F1-model_v4	199	1	64.84	esm	1	0.8023	0	0.9146	66.1	0.41	0.40946	0
AF-A0A1H1MMY1-F1-model_v4	491	3	93.33	afdb	3	1.0000	1	1.0000				0
AF-A0A1H1MMY1-F1-model_v4	491	3	93.33	esm	3	0.9221	0	0.9593	92.6	0.85	0.8569	0
AF-A0A1J5XC50-F1-model_v4	508	3	93.37	afdb	3	1.0000	1	1.0000				0
AF-A0A1J5XC50-F1-model_v4	508	3	93.37	esm	3	0.9649	0	0.9803	93.5	0.95	0.96808	0
AF-A0A2A7WY25-F1-model_v4	316	1	83.08	afdb	1	1.0000	1	1.0000				0
AF-A0A2A7WY25-F1-model_v4	316	1	83.08	esm	1	0.9956	0	0.9968	93.3	0.95	0.84122	0
AF-D7U205-F1-model_v4	353	1	70.49	afdb	1	1.0000	1	1.0000				0
AF-D7U205-F1-model_v4	353	1	70.49	esm	1	0.9028	0	0.9320	79.2	0.68	0.72181	0
AF-A0A7Y4TTR3-F1-model_v4	306	1	79.78	afdb	1	1.0000	1	1.0000				0
AF-A0A7Y4TTR3-F1-model_v4	306	1	79.78	esm	2	0.5871	0	0.5621	52.6	0.39	0.43809	0
AF-A0A2G0YAJ6-F1-model_v4	208	2	88.46	afdb	2	1.0000	1	1.0000				0
AF-A0A2G0YAJ6-F1-model_v4	208	2	88.46	esm	2	0.9814	0	0.9856	93.3	0.76	0.7659	0
AF-A0A7L4RE36-F1-model_v4	104	2	81.24	afdb	2	1.0000	1	1.0000				0
AF-A0A7L4RE36-F1-model_v4	104	2	81.24	esm	0	0.0000	0	0.2692	63.2	0.47	0.63157	0
AF-A0A4Y3WNG4-F1-model_v4	438	2	93.86	afdb	2	1.0000	1	1.0000				0
AF-A0A4Y3WNG4-F1-model_v4	438	2	93.86	esm	2	0.9455	0	0.9429	95.0	0.97	0.99061	0
AF-A0A0P1FVT3-F1-model_v4	774	7	75.26	afdb	7	1.0000	1	1.0000				0
AF-A0A0P1FVT3-F1-model_v4	774	7	75.26	esm	7	0.9639	0	0.9755	84.1	0.63	0.51064	0
AF-A0A529NF24-F1-model_v4	168	2	90.62	afdb	2	1.0000	1	1.0000				0
AF-A0A529NF24-F1-model_v4	168	2	90.62	esm	2	0.8887	0	0.9226	82.5	0.65	0.8591	0
AF-A0A1E3BE78-F1-model_v4	985	2	69.15	afdb	2	1.0000	1	1.0000				0
AF-A0A1E3BE78-F1-model_v4	985	2	69.15	esm	4	0.9486	0	0.6680	80.5	0.65	0.67027	0
AF-A0A3A5VS80-F1-model_v4	958	6	89.93	afdb	6	1.0000	1	1.0000				0
AF-A0A3A5VS80-F1-model_v4	958	6	89.93	esm	4	0.6314	0	0.6921	94.5	0.93	0.94445	0
AF-A0A7J0FWB5-F1-model_v4	395	2	64.45	afdb	2	1.0000	1	1.0000				0
AF-A0A7J0FWB5-F1-model_v4	395	2	64.45	esm	2	0.9448	0	0.9570	78.4	0.85	0.89908	0
AF-A0A535PET1-F1-model_v4	747	3	95.86	afdb	3	1.0000	1	1.0000				0
AF-A0A535PET1-F1-model_v4	747	3	95.86	esm	3	0.9963	0	0.9960	89.7	0.95	0.98141	0
AF-A0A6M4A5T6-F1-model_v4	432	2	94.05	afdb	2	1.0000	1	1.0000				0
AF-A0A6M4A5T6-F1-model_v4	432	2	94.05	esm	2	0.9701	0	0.9722	96.9	0.97	0.98884	0
AF-Q3B1Q3-F1-model_v4	272	2	88.74	afdb	2	1.0000	1	1.0000				0
AF-Q3B1Q3-F1-model_v4	272	2	88.74	esm	2	0.8885	0	0.8750	93.6	0.92	0.92809	0
AF-A0A2E1V4A6-F1-model_v4	231	2	96.34	afdb	2	1.0000	1	1.0000				0
AF-A0A2E1V4A6-F1-model_v4	231	2	96.34	esm	2	0.9777	0	0.9784	96.5	0.95	0.99289	0
AF-A0A523YNB4-F1-model_v4	687	2	84.96	afdb	2	1.0000	1	1.0000				0
AF-A0A523YNB4-F1-model_v4	687	2	84.96	esm	3	0.9762	0	0.7307	94.7	0.89	0.94428	0
AF-A0A4R4P4P0-F1-model_v4	212	2	86.26	afdb	2	1.0000	1	1.0000				0
AF-A0A4R4P4P0-F1-model_v4	212	2	86.26	esm	2	1.0000	1	1.0000	96.1	0.78	0.85577	0
AF-A0A6J1BI78-F1-model_v4	449	1	47.68	afdb	1	1.0000	1	1.0000				0
AF-A0A6J1BI78-F1-model_v4	449	1	47.68	esm	1	0.9074	0	0.9889	49.6	0.21	0.17367	0
AF-A0A6I3KH73-F1-model_v4	66	1	87.59	afdb	1	1.0000	1	1.0000				0
AF-A0A6I3KH73-F1-model_v4	66	1	87.59	esm	1	0.9048	0	0.9091	73.5	0.51	0.87492	0
AF-A0A285RG70-F1-model_v4	120	1	95.36	afdb	1	1.0000	1	1.0000				0
AF-A0A285RG70-F1-model_v4	120	1	95.36	esm	0	0.0000	0	0.1583	90.0	0.85	0.9931	0
AF-A0A022KYR2-F1-model_v4	349	2	93.70	afdb	2	1.0000	1	1.0000				0
AF-A0A022KYR2-F1-model_v4	349	2	93.70	esm	1	0.4157	0	0.8338	94.7	0.95	0.95184	0
AF-A0A418KTT9-F1-model_v4	212	1	80.03	afdb	1	1.0000	1	1.0000				0
AF-A0A418KTT9-F1-model_v4	212	1	80.03	esm	1	1.0000	1	1.0000	91.4	0.71	0.69584	0
AF-A0A2V7ZMX9-F1-model_v4	540	2	89.58	afdb	2	1.0000	1	1.0000				0
AF-A0A2V7ZMX9-F1-model_v4	540	2	89.58	esm	3	0.7168	0	0.9037	90.1	0.92	0.92746	0
AF-A0A265UVA7-F1-model_v4	400	2	94.99	afdb	2	1.0000	1	1.0000				0
AF-A0A265UVA7-F1-model_v4	400	2	94.99	esm	2	0.9490	0	0.9500	96.6	0.94	0.9856	0
AF-A0A452J0X2-F1-model_v4	121	1	90.93	afdb	1	1.0000	1	1.0000				0
AF-A0A452J0X2-F1-model_v4	121	1	90.93	esm	1	0.9821	0	0.9835	85.9	0.84	0.9859	0
AF-A0A4S4FLV4-F1-model_v4	144	1	90.65	afdb	1	1.0000	1	1.0000				0
AF-A0A4S4FLV4-F1-model_v4	144	1	90.65	esm	1	0.9231	0	0.9375	82.6	0.67	0.95867	0
AF-X1P4A3-F1-model_v4	199	1	97.05	afdb	1	1.0000	1	1.0000				0
AF-X1P4A3-F1-model_v4	199	1	97.05	esm	1	1.0000	1	1.0000	95.2	0.93	0.9942	0
AF-A0A542UVN6-F1-model_v4	339	2	93.47	afdb	2	1.0000	1	1.0000				0
AF-A0A542UVN6-F1-model_v4	339	2	93.47	esm	2	0.9904	0	0.9912	95.8	0.95	0.97156	0
AF-A0A7X2IYG6-F1-model_v4	244	1	82.46	afdb	1	1.0000	1	1.0000				0
AF-A0A7X2IYG6-F1-model_v4	244	1	82.46	esm	1	0.9036	0	0.9221	87.6	0.90	0.93044	0
AF-A0A5J4UKQ6-F1-model_v4	121	1	59.09	afdb	1	1.0000	1	1.0000				0
AF-A0A5J4UKQ6-F1-model_v4	121	1	59.09	esm	2	0.5946	0	0.8347	47.6	0.39	0.45365	0
AF-A0A2Z6NUR2-F1-model_v4	446	2	88.09	afdb	2	1.0000	1	1.0000				0
AF-A0A2Z6NUR2-F1-model_v4	446	2	88.09	esm	2	0.7791	0	0.8565	85.3	0.77	0.77833	0
AF-A0A813FQL8-F1-model_v4	446	3	62.42	afdb	3	1.0000	1	1.0000				0
AF-A0A813FQL8-F1-model_v4	446	3	62.42	esm	3	0.8028	0	0.8610	58.4	0.37	0.28775	0
AF-A0A6J0X9F5-F1-model_v4	455	2	90.27	afdb	2	1.0000	1	1.0000				0
AF-A0A6J0X9F5-F1-model_v4	455	2	90.27	esm	2	0.9752	0	0.9824	72.3	0.62	0.85358	0
AF-A0A257Q4E5-F1-model_v4	85	1	43.77	afdb	1	1.0000	1	1.0000				0
AF-A0A257Q4E5-F1-model_v4	85	1	43.77	esm	1	0.9512	0	0.9529	70.2	0.60	0.45805	0
AF-A0A2V7BPB6-F1-model_v4	90	1	67.12	afdb	1	1.0000	1	1.0000				0
AF-A0A2V7BPB6-F1-model_v4	90	1	67.12	esm	1	0.8272	0	0.8444	50.5	0.35	0.40087	0
AF-M0HI58-F1-model_v4	139	1	95.62	afdb	1	1.0000	1	1.0000				0
AF-M0HI58-F1-model_v4	139	1	95.62	esm	1	1.0000	1	1.0000	90.7	0.89	0.96612	0
AF-A0A2W2ME94-F1-model_v4	186	1	91.37	afdb	1	1.0000	1	1.0000				0
AF-A0A2W2ME94-F1-model_v4	186	1	91.37	esm	1	0.9784	0	0.9839	86.9	0.86	0.95253	0
AF-A0A7W8AEE1-F1-model_v4	138	1	95.55	afdb	1	1.0000	1	1.0000				0
AF-A0A7W8AEE1-F1-model_v4	138	1	95.55	esm	1	0.9779	0	0.9783	89.3	0.76	0.98458	0
AF-A0A2A4R5M1-F1-model_v4	790	2	84.92	afdb	2	1.0000	1	1.0000				0
AF-A0A2A4R5M1-F1-model_v4	790	2	84.92	esm	1	0.4521	0	0.8671	82.7	0.79	0.89772	0
AF-A0A3M7MN02-F1-model_v4	641	1	48.59	afdb	1	1.0000	1	1.0000				0
AF-A0A3M7MN02-F1-model_v4	641	1	48.59	esm	1	0.6842	0	0.9719	55.3	0.17	0.14827	0
AF-A0A7K3FXE2-F1-model_v4	319	1	88.71	afdb	1	1.0000	1	1.0000				0
AF-A0A7K3FXE2-F1-model_v4	319	1	88.71	esm	2	0.7644	0	0.6583	97.2	0.97	0.97815	0
AF-U2EBZ4-F1-model_v4	412	2	88.94	afdb	2	1.0000	1	1.0000				0
AF-U2EBZ4-F1-model_v4	412	2	88.94	esm	2	0.9893	0	0.9903	93.1	0.93	0.93392	0
AF-A0A5P9IPF5-F1-model_v4	301	3	90.62	afdb	3	1.0000	1	1.0000				0
AF-A0A5P9IPF5-F1-model_v4	301	3	90.62	esm	3	0.9823	0	0.9834	91.1	0.72	0.6966	0
AF-A0A534LNZ3-F1-model_v4	185	1	95.52	afdb	1	1.0000	1	1.0000				0
AF-A0A534LNZ3-F1-model_v4	185	1	95.52	esm	1	1.0000	1	1.0000	91.6	0.90	0.99191	0
AF-A0A661S521-F1-model_v4	181	2	81.72	afdb	2	1.0000	1	1.0000				0
AF-A0A661S521-F1-model_v4	181	2	81.72	esm	2	0.9964	0	0.9945	88.4	0.77	0.90542	0
AF-A0A345NQU6-F1-model_v4	110	1	70.75	afdb	1	1.0000	1	1.0000				0
AF-A0A345NQU6-F1-model_v4	110	1	70.75	esm	1	0.7656	0	0.8636	71.8	0.56	0.57749	0
AF-A0A2N3XQS4-F1-model_v4	396	2	91.34	afdb	2	1.0000	1	1.0000				0
AF-A0A2N3XQS4-F1-model_v4	396	2	91.34	esm	2	0.8790	0	0.8283	93.2	0.94	0.96174	0
AF-A0A536BJM8-F1-model_v4	271	3	91.93	afdb	3	1.0000	1	1.0000				0
AF-A0A536BJM8-F1-model_v4	271	3	91.93	esm	3	1.0000	1	1.0000	95.6	0.91	0.98165	0
AF-A0A6P5XYE0-F1-model_v4	155	1	78.43	afdb	1	1.0000	1	1.0000				0
AF-A0A6P5XYE0-F1-model_v4	155	1	78.43	esm	1	1.0000	1	1.0000	66.9	0.55	0.83446	0
AF-A0A401Y8Z3-F1-model_v4	250	1	94.80	afdb	1	1.0000	1	1.0000				0
AF-A0A401Y8Z3-F1-model_v4	250	1	94.80	esm	1	0.9957	0	0.9960	94.9	0.96	0.97459	0
AF-A0A3Q1GTT4-F1-model_v4	155	1	82.46	afdb	1	1.0000	1	1.0000				0
AF-A0A3Q1GTT4-F1-model_v4	155	1	82.46	esm	1	0.9913	0	0.9935	85.8	0.52	0.6451	0
AF-C1JJA5-F1-model_v4	246	2	93.37	afdb	2	1.0000	1	1.0000				0
AF-C1JJA5-F1-model_v4	246	2	93.37	esm	2	0.9784	0	0.9878	89.6	0.87	0.89166	0
